t; x; y; theta
24892317.597000; 0.00; 0.00; 0.00
24908548.011000; 0.00; 0.00; 0.00
24923773.969000; 0.00; 0.00; 0.00
24939194.644000; 0.00; 0.00; 0.00
24954684.182000; 0.00; 0.00; 0.00
24969486.273000; 0.00; 0.00; 0.00
24988477.164000; 0.00; 0.00; 0.00
25003758.925000; 0.00; 0.00; 0.00
25018501.651000; 0.00; 0.00; 0.00
25033824.967000; 0.00; 0.00; 0.00
25050670.404000; 0.00; 0.00; 0.00
25066106.514000; 0.00; 0.00; 0.00
25081736.154000; 0.00; 0.00; 0.00
25099665.597000; 0.00; 0.00; 0.00
25114618.476000; 0.00; 0.00; 0.00
25129990.471000; 0.00; 0.00; 0.00
25145890.816000; 0.00; 0.00; 0.00
25161146.456000; 0.00; 0.00; 0.00
25180334.439000; 0.00; 0.00; 0.00
25195833.476000; 0.00; 0.00; 0.00
25211011.942000; 0.00; 0.00; 0.00
25226357.817000; 0.00; 0.00; 0.00
25242854.187000; 0.00; 0.00; 0.00
25259601.078000; 0.00; 0.00; 0.00
25275744.820000; 0.00; 0.00; 0.00
25292400.289000; 0.00; 0.00; 0.00
25308747.059000; 0.00; 0.00; 0.00
25323162.089000; 0.00; 0.00; 0.00
25338347.679000; 0.00; 0.00; 0.00
25354043.807000; 0.00; 0.00; 0.00
25369643.765000; 0.00; 0.00; 0.00
25385966.789000; 0.00; 0.00; 0.00
25401438.518000; 0.00; 0.00; 0.00
25418942.908000; 0.00; 0.00; 0.00
25433338.941000; 0.00; 0.00; 0.00
25449201.293000; 0.00; 0.00; 0.00
25467146.171000; 0.00; 0.00; 0.00
25482784.122000; 0.00; 0.00; 0.00
25498703.464000; 0.00; 0.00; 0.00
25513826.126000; 0.00; 0.00; 0.00
25529234.928000; 0.00; 0.00; 0.00
25547452.886000; 0.00; 0.00; 0.00
25562188.488000; 0.00; 0.00; 0.00
25579920.839000; 0.00; 0.00; 0.00
25596307.978000; 0.00; 0.00; 0.00
25610207.719000; 0.00; 0.00; 0.00
25625649.766000; 0.00; 0.00; 0.00
25641605.914000; 0.00; 0.00; 0.00
25657838.703000; 0.00; 0.00; 0.00
25673613.194000; 0.00; 0.00; 0.00
25691936.822000; 0.00; 0.00; 0.00
25706440.900000; 0.00; 0.00; 0.00
25721906.692000; 0.00; 0.00; 0.00
25737568.389000; 0.00; 0.00; 0.00
25755140.455000; 0.00; 0.00; 0.00
25769167.238000; 0.00; 0.00; 0.00
25786622.948000; 0.00; 0.00; 0.00
25800899.064000; 0.00; 0.00; 0.00
25818360.711000; 0.00; 0.00; 0.00
25833682.840000; 0.00; 0.00; 0.00
25851244.220000; 0.00; 0.00; 0.00
25865379.047000; 0.00; 0.00; 0.00
25883226.567000; 0.00; 0.00; 0.00
25897646.346000; 0.00; 0.00; 0.00
25915396.507000; 0.00; 0.00; 0.00
25929810.350000; 0.00; 0.00; 0.00
25946110.816000; 0.00; 0.00; 0.00
25961536.240000; 0.00; 0.00; 0.00
25980280.173000; 0.00; 0.00; 0.00
25995880.130000; 0.00; 0.00; 0.00
26011515.707000; 0.00; 0.00; 0.00
26026474.521000; 0.00; 0.00; 0.00
26044022.841000; 0.00; 0.00; 0.00
26058612.405000; 0.00; 0.00; 0.00
26074473.569000; 0.00; 0.00; 0.00
26089515.494000; 0.00; 0.00; 0.00
26105186.690000; 0.00; 0.00; 0.00
26123731.156000; 0.00; 0.00; 0.00
26138883.501000; 0.00; 0.00; 0.00
26153488.499000; 0.00; 0.00; 0.00
26171024.946000; 0.00; 0.00; 0.00
26185328.370000; 0.00; 0.00; 0.00
26202778.144000; 0.00; 0.00; 0.00
26217715.587000; 0.00; 0.00; 0.00
26235352.954000; 0.00; 0.00; 0.00
26249772.734000; 0.00; 0.00; 0.00
26267304.431000; 0.00; 0.00; 0.00
26281713.525000; 0.00; 0.00; 0.00
26299236.912000; 0.00; 0.00; 0.00
26313835.974000; 0.00; 0.00; 0.00
26328805.474000; 0.00; 0.00; 0.00
26346383.476000; 0.00; 0.00; 0.00
26361488.329000; 0.00; 0.00; 0.00
26378952.350000; 0.00; 0.00; 0.00
26393535.977000; 0.00; 0.00; 0.00
26411888.100000; 0.00; 0.00; 0.00
26427961.791000; 0.00; 0.00; 0.00
26442515.736000; 0.00; 0.00; 0.00
26457958.970000; 0.00; 0.00; 0.00
26473647.975000; 0.00; 0.00; 0.00
26491205.793000; 0.00; 0.00; 0.00
26505743.116000; 0.00; 0.00; 0.00
26524299.454000; 0.00; 0.00; 0.00
26540218.796000; 0.00; 0.00; 0.00
26555593.166000; 0.00; 0.00; 0.00
26570210.038000; 0.00; 0.00; 0.00
26587712.053000; 0.00; 0.00; 0.00
26602022.601000; 0.00; 0.00; 0.00
26617158.323000; 0.00; 0.00; 0.63
26634729.202000; 0.00; 0.00; 1.35
26649875.610000; 0.00; 0.00; 1.97
26665506.437000; 0.00; 0.00; 2.61
26681821.151000; 0.00; 0.00; 3.29
26697134.968000; 0.00; 0.00; 3.92
26715362.425000; 0.00; 0.00; 4.67
26730367.544000; 0.00; 0.00; 5.29
26747981.165000; 0.00; 0.00; 6.02
26762457.935000; 0.00; 0.00; 6.62
26777115.175000; 0.00; 0.00; 7.22
26794696.739000; 0.00; 0.00; 7.95
26809973.751000; 0.00; 0.00; 8.58
26825318.439000; 0.00; 0.00; 9.21
26843684.809000; 0.00; 0.00; 9.97
26859198.094000; 0.00; 0.00; 10.61
26874562.965000; 0.00; 0.00; 11.24
26890063.190000; 0.00; 0.00; 11.87
26905373.446000; 0.00; 0.00; 12.51
26923948.781000; 0.00; 0.00; 13.28
26938592.961000; 0.00; 0.00; 13.88
26953498.347000; 0.00; 0.00; 14.50
26970943.371000; 0.00; 0.00; 15.22
26985226.611000; 0.00; 0.00; 15.81
27003368.582000; 0.00; 0.00; 16.55
27018452.063000; 0.00; 0.00; 17.17
27034464.014000; 0.00; 0.00; 17.83
27049942.867000; 0.00; 0.00; 18.47
27065800.469000; 0.00; 0.00; 19.13
27081579.709000; 0.00; 0.00; 19.78
27098907.191000; 0.00; 0.00; 20.50
27113709.282000; 0.00; 0.00; 21.11
27131262.350000; 0.00; 0.00; 21.83
27146986.975000; 0.00; 0.00; 22.48
27161476.805000; 0.00; 0.00; 23.08
27178813.785000; 0.00; 0.00; 23.79
27194197.654000; 0.00; 0.00; 24.43
27209100.665000; 0.00; 0.00; 25.04
27227198.705000; 0.00; 0.00; 25.79
27242044.726000; 0.00; 0.00; 26.40
27257338.360000; 0.00; 0.00; 27.03
27275023.219000; 0.00; 0.00; 27.76
27289452.497000; 0.00; 0.00; 28.36
27307465.052000; 0.00; 0.00; 29.10
27322486.794000; 0.00; 0.00; 29.72
27337820.796000; 0.00; 0.00; 30.35
27355922.398000; 0.00; 0.00; 31.10
27370224.635000; 0.00; 0.00; 31.69
27387872.688000; 0.00; 0.00; 32.42
27403587.814000; 0.00; 0.00; 33.05
27417986.222000; 0.00; 0.00; 33.66
27437048.351000; 0.00; 0.00; 34.44
27452478.525000; 0.00; 0.00; 35.07
27465209.961000; 0.00; 0.00; 35.61
27482126.636000; 0.00; 0.00; 36.28
27497363.279000; 0.00; 0.00; 36.93
27515221.485000; 0.00; 0.00; 37.67
27531950.566000; 0.00; 0.00; 38.35
27547283.381000; 0.00; 0.00; 38.99
27562026.107000; 0.00; 0.00; 39.60
27577621.315000; 0.00; 0.00; 40.24
27593690.257000; 0.00; 0.00; 40.91
27609566.856000; 0.00; 0.00; 41.32
27628156.439000; 0.00; 0.00; 41.32
27642575.031000; 0.00; 0.00; 41.32
27657225.147000; 0.00; 0.00; 41.32
27673563.607000; 0.00; 0.00; 41.32
27691875.361000; 0.00; 0.00; 41.32
27707423.077000; 0.01; 0.00; 41.32
27722106.438000; 0.01; 0.01; 41.32
27737422.630000; 0.01; 0.01; 41.32
27756377.903000; 0.01; 0.01; 41.32
27770878.419000; 0.01; 0.01; 41.32
27785190.154000; 0.01; 0.01; 41.32
27803336.874000; 0.01; 0.01; 41.32
27818662.565000; 0.01; 0.01; 41.32
27833698.554000; 0.01; 0.01; 41.32
27848967.254000; 0.01; 0.01; 41.32
27866762.533000; 0.01; 0.01; 41.32
27882698.497000; 0.01; 0.01; 41.32
27897936.327000; 0.01; 0.01; 41.32
27913853.294000; 0.02; 0.01; 41.32
27929936.483000; 0.02; 0.01; 41.32
27945398.714000; 0.02; 0.01; 41.32
27961604.195000; 0.02; 0.02; 41.32
27979362.668000; 0.02; 0.02; 41.32
27994080.460000; 0.02; 0.02; 41.32
28010363.116000; 0.02; 0.02; 41.32
28026219.531000; 0.02; 0.02; 41.32
28042276.599000; 0.02; 0.02; 41.32
28058471.395000; 0.02; 0.02; 41.32
28074698.248000; 0.02; 0.02; 41.32
28090223.405000; 0.02; 0.02; 41.32
28107263.560000; 0.02; 0.02; 41.32
28122788.717000; 0.03; 0.02; 41.32
28138265.196000; 0.03; 0.02; 41.32
28154104.988000; 0.03; 0.02; 41.32
28169474.609000; 0.03; 0.02; 41.32
28187586.897000; 0.03; 0.03; 41.32
28203034.880000; 0.03; 0.03; 41.32
28218107.676000; 0.03; 0.03; 41.32
28233192.344000; 0.03; 0.03; 41.32
28249247.038000; 0.03; 0.03; 41.32
28266126.907000; 0.03; 0.03; 41.32
28281850.344000; 0.03; 0.03; 41.32
28299468.715000; 0.03; 0.03; 41.32
28314258.932000; 0.04; 0.03; 41.32
28331814.376000; 0.04; 0.03; 41.32
28346175.978000; 0.04; 0.03; 41.32
28361451.802000; 0.04; 0.03; 41.32
28380914.052000; 0.04; 0.03; 41.32
28394223.704000; 0.04; 0.03; 41.32
28409586.201000; 0.04; 0.04; 41.32
28425770.311000; 0.04; 0.04; 41.32
28444318.339000; 0.04; 0.04; 41.32
28460191.376000; 0.04; 0.04; 41.32
28475184.623000; 0.04; 0.04; 41.32
28491412.663000; 0.04; 0.04; 41.32
28506762.100000; 0.04; 0.04; 41.32
28522210.082000; 0.05; 0.04; 41.32
28537356.491000; 0.05; 0.04; 41.32
28555982.880000; 0.05; 0.04; 41.32
28570492.895000; 0.05; 0.04; 41.32
28585838.770000; 0.05; 0.04; 41.32
28602267.464000; 0.05; 0.04; 41.32
28617250.025000; 0.05; 0.04; 41.32
28635446.611000; 0.05; 0.04; 41.32
28650843.540000; 0.05; 0.05; 41.32
28666270.152000; 0.05; 0.05; 41.32
28682152.687000; 0.05; 0.05; 41.32
28698256.060000; 0.05; 0.05; 41.32
28713829.897000; 0.06; 0.05; 41.32
28728927.626000; 0.06; 0.05; 41.32
28748370.879000; 0.06; 0.05; 41.32
28763441.300000; 0.06; 0.05; 41.32
28779201.544000; 0.06; 0.05; 41.32
28793504.968000; 0.06; 0.05; 41.32
28811039.040000; 0.06; 0.05; 41.32
28826151.016000; 0.06; 0.05; 41.32
28844103.019000; 0.06; 0.05; 41.32
28859761.154000; 0.06; 0.05; 41.32
28875207.949000; 0.06; 0.06; 41.32
28890747.355000; 0.06; 0.06; 41.32
28906392.430000; 0.06; 0.06; 41.32
28924612.762000; 0.07; 0.06; 41.32
28937603.030000; 0.07; 0.06; 41.32
28953669.598000; 0.07; 0.06; 41.32
28969643.555000; 0.07; 0.06; 41.32
28985457.227000; 0.07; 0.06; 41.32
29002429.705000; 0.07; 0.06; 41.32
29018165.015000; 0.07; 0.06; 41.32
29034511.786000; 0.07; 0.06; 41.32
29049983.514000; 0.07; 0.06; 41.32
29065577.536000; 0.07; 0.06; 41.32
29081613.233000; 0.07; 0.06; 41.32
29099770.638000; 0.07; 0.07; 41.32
29115312.418000; 0.07; 0.07; 41.32
29129874.674000; 0.08; 0.07; 41.32
29145424.765000; 0.08; 0.07; 41.32
29162305.821000; 0.08; 0.07; 41.32
29177751.429000; 0.08; 0.07; 41.32
29193918.917000; 0.08; 0.07; 41.32
29211733.192000; 0.08; 0.07; 41.32
29226731.188000; 0.08; 0.07; 41.32
29242436.815000; 0.08; 0.07; 41.32
29259355.865000; 0.08; 0.07; 41.32
29274087.905000; 0.08; 0.07; 41.32
29289091.837000; 0.08; 0.07; 41.32
29306827.750000; 0.08; 0.07; 41.32
29322811.206000; 0.09; 0.07; 41.32
29338633.189000; 0.09; 0.08; 41.32
29354261.642000; 0.09; 0.08; 41.32
29369449.606000; 0.09; 0.08; 41.32
29388863.177000; 0.09; 0.08; 41.32
29403989.401000; 0.09; 0.08; 41.32
29418776.057000; 0.09; 0.08; 41.32
29433845.290000; 0.09; 0.08; 41.32
29449385.883000; 0.09; 0.08; 41.32
29465491.631000; 0.09; 0.08; 41.32
29485249.519000; 0.09; 0.08; 41.32
29497491.787000; 0.09; 0.08; 41.32
29514850.139000; 0.09; 0.08; 41.32
29530885.836000; 0.10; 0.08; 41.32
29545892.142000; 0.10; 0.08; 41.32
29561782.989000; 0.10; 0.09; 41.32
29577866.178000; 0.10; 0.09; 41.32
29595710.136000; 0.10; 0.09; 41.32
29609621.751000; 0.10; 0.09; 41.32
29625472.229000; 0.10; 0.09; 41.32
29642077.831000; 0.10; 0.09; 41.32
29657785.833000; 0.10; 0.09; 41.32
29674653.829000; 0.10; 0.09; 41.32
29689528.345000; 0.10; 0.09; 41.32
29708629.655000; 0.10; 0.09; 41.32
29723948.222000; 0.11; 0.09; 41.32
29739041.202000; 0.11; 0.09; 41.32
29754814.505000; 0.11; 0.09; 41.32
29770723.161000; 0.11; 0.09; 41.32
29785955.055000; 0.11; 0.10; 41.32
29803747.959000; 0.11; 0.10; 41.32
29819471.396000; 0.11; 0.10; 41.32
29834846.954000; 0.11; 0.10; 41.32
29849792.708000; 0.11; 0.10; 41.32
29865193.199000; 0.11; 0.10; 41.32
29881972.147000; 0.11; 0.10; 41.32
29897461.685000; 0.11; 0.10; 41.32
29915581.097000; 0.11; 0.10; 41.32
29930979.214000; 0.12; 0.10; 41.32
29947149.076000; 0.12; 0.10; 41.32
29962288.360000; 0.12; 0.10; 41.32
29977751.778000; 0.12; 0.10; 41.32
29993804.098000; 0.12; 0.10; 41.32
30009596.398000; 0.12; 0.10; 41.32
30027941.397000; 0.12; 0.11; 41.32
30042718.555000; 0.12; 0.11; 41.32
30057392.417000; 0.12; 0.11; 41.32
30076226.584000; 0.12; 0.11; 41.32
30092283.653000; 0.12; 0.11; 41.32
30107590.347000; 0.12; 0.11; 41.32
30122932.660000; 0.12; 0.11; 41.32
30139145.265000; 0.13; 0.11; 41.32
30154406.842000; 0.13; 0.11; 41.32
30169934.374000; 0.13; 0.11; 41.32
30187912.497000; 0.13; 0.11; 41.32
30204065.737000; 0.13; 0.11; 41.32
30219004.368000; 0.13; 0.11; 41.32
30233994.052000; 0.13; 0.11; 41.32
30252248.816000; 0.13; 0.12; 41.32
30268860.355000; 0.13; 0.12; 41.32
30281520.553000; 0.13; 0.12; 41.32
30297492.136000; 0.13; 0.12; 41.32
30315678.037000; 0.13; 0.12; 41.32
30330562.052000; 0.14; 0.12; 41.32
30346109.768000; 0.14; 0.12; 41.32
30361587.433000; 0.14; 0.12; 41.32
30377576.826000; 0.14; 0.12; 41.32
30396526.162000; 0.14; 0.12; 41.32
30409237.414000; 0.14; 0.12; 41.32
30427521.861000; 0.14; 0.12; 41.32
30442759.691000; 0.14; 0.12; 41.32
30458234.982000; 0.14; 0.12; 41.32
30473910.927000; 0.14; 0.13; 41.32
30489773.278000; 0.14; 0.13; 41.32
30508127.776000; 0.14; 0.13; 41.32
30522619.981000; 0.14; 0.13; 41.32
30538203.316000; 0.15; 0.13; 41.32
30556553.064000; 0.15; 0.13; 41.32
30569987.384000; 0.15; 0.13; 41.32
30585706.071000; 0.15; 0.13; 41.32
30602319.984000; 0.15; 0.13; 41.32
30620877.511000; 0.15; 0.13; 41.32
30635974.052000; 0.15; 0.13; 41.32
30650548.181000; 0.15; 0.13; 41.32
30665739.707000; 0.15; 0.13; 41.32
30681827.645000; 0.15; 0.13; 41.32
30697743.425000; 0.15; 0.13; 41.32
30716068.240000; 0.15; 0.14; 41.32
30729224.731000; 0.15; 0.14; 41.32
30745303.171000; 0.16; 0.14; 41.32
30761695.059000; 0.16; 0.14; 41.32
30778634.293000; 0.16; 0.14; 41.32
30794348.231000; 0.16; 0.14; 41.32
30809647.801000; 0.16; 0.14; 41.32
30825568.330000; 0.16; 0.14; 41.32
30844135.355000; 0.16; 0.14; 41.32
30858748.665000; 0.16; 0.14; 41.32
30873762.095000; 0.16; 0.14; 41.32
30891661.856000; 0.16; 0.14; 41.32
30906718.029000; 0.16; 0.14; 41.32
30921549.803000; 0.16; 0.14; 41.32
30938037.862000; 0.17; 0.15; 41.32
30954523.547000; 0.17; 0.15; 41.32
30970201.866000; 0.17; 0.15; 41.32
30986334.922000; 0.17; 0.15; 41.32
31002883.534000; 0.17; 0.15; 41.32
31018297.085000; 0.17; 0.15; 41.32
31034364.839000; 0.17; 0.15; 41.32
31049548.054000; 0.17; 0.15; 41.32
31068587.625000; 0.17; 0.15; 41.32
31084153.150000; 0.17; 0.15; 41.32
31098875.692000; 0.17; 0.15; 41.32
31113933.053000; 0.17; 0.15; 41.32
31130240.642000; 0.17; 0.15; 41.32
31146029.380000; 0.18; 0.15; 41.32
31161816.932000; 0.18; 0.16; 41.32
31180563.239000; 0.18; 0.16; 41.32
31196408.968000; 0.18; 0.16; 41.32
31211333.351000; 0.18; 0.16; 41.32
31225950.222000; 0.18; 0.16; 41.32
31241665.348000; 0.18; 0.16; 41.32
31257562.131000; 0.18; 0.16; 41.32
31276642.070000; 0.18; 0.16; 41.32
31290989.424000; 0.18; 0.16; 41.32
31305990.982000; 0.18; 0.16; 41.32
31322589.460000; 0.18; 0.16; 41.32
31337690.751000; 0.19; 0.16; 41.32
31353200.473000; 0.19; 0.16; 41.32
31371608.400000; 0.19; 0.16; 41.32
31386862.852000; 0.19; 0.16; 41.32
31402326.270000; 0.19; 0.17; 41.32
31418325.161000; 0.19; 0.17; 41.32
31433618.795000; 0.19; 0.17; 41.32
31451771.451000; 0.19; 0.17; 41.32
31467525.758000; 0.19; 0.17; 41.32
31482706.598000; 0.19; 0.17; 41.32
31498095.216000; 0.19; 0.17; 41.32
31513207.192000; 0.19; 0.17; 41.32
31529976.642000; 0.19; 0.17; 41.32
31545489.926000; 0.20; 0.17; 41.32
31563693.637000; 0.20; 0.17; 41.32
31578240.457000; 0.20; 0.17; 41.32
31593323.939000; 0.20; 0.17; 41.32
31610175.312000; 0.20; 0.17; 41.32
31625166.184000; 0.20; 0.18; 41.32
31643132.434000; 0.20; 0.18; 41.32
31658449.814000; 0.20; 0.18; 41.32
31674033.149000; 0.20; 0.18; 41.32
31689039.456000; 0.20; 0.18; 41.32
31707505.560000; 0.20; 0.18; 41.32
31723342.977000; 0.20; 0.18; 41.32
31738420.522000; 0.20; 0.18; 41.32
31753785.394000; 0.21; 0.18; 41.32
31771717.212000; 0.21; 0.18; 41.32
31786241.474000; 0.21; 0.18; 41.32
31801565.978000; 0.21; 0.18; 41.32
31819509.669000; 0.21; 0.18; 41.32
31834798.554000; 0.21; 0.18; 41.32
31849986.517000; 0.21; 0.19; 41.32
31865337.142000; 0.21; 0.19; 41.32
31883252.337000; 0.21; 0.19; 41.32
31897701.800000; 0.21; 0.19; 41.32
31913108.227000; 0.21; 0.19; 41.32
31930990.178000; 0.21; 0.19; 41.32
31945719.844000; 0.22; 0.19; 41.32
31963739.522000; 0.22; 0.19; 41.32
31978234.102000; 0.22; 0.19; 41.32
31993338.955000; 0.22; 0.19; 41.32
32011194.785000; 0.22; 0.19; 41.32
32026037.244000; 0.22; 0.19; 41.32
32041333.253000; 0.22; 0.19; 41.32
32057455.623000; 0.22; 0.19; 41.32
32076952.305000; 0.22; 0.19; 41.32
32092338.548000; 0.22; 0.20; 41.32
32105977.083000; 0.22; 0.20; 41.32
32121578.228000; 0.22; 0.20; 41.32
32141725.551000; 0.22; 0.20; 41.32
32153844.340000; 0.23; 0.20; 41.32
32169446.672000; 0.23; 0.20; 41.32
32188625.157000; 0.23; 0.20; 41.32
32204037.521000; 0.23; 0.20; 41.32
32219669.536000; 0.23; 0.20; 41.32
32235070.027000; 0.23; 0.20; 41.32
32250615.368000; 0.23; 0.20; 41.32
32266448.037000; 0.23; 0.20; 41.32
32281676.369000; 0.23; 0.20; 41.32
32298262.974000; 0.23; 0.20; 41.32
32314475.579000; 0.23; 0.21; 41.32
32329822.642000; 0.23; 0.21; 41.32
32345651.748000; 0.24; 0.21; 41.32
32361852.481000; 0.24; 0.21; 41.32
32377642.407000; 0.24; 0.21; 41.32
32393904.878000; 0.24; 0.21; 41.32
32409861.026000; 0.24; 0.21; 41.32
32426081.943000; 0.24; 0.21; 41.32
32442257.742000; 0.24; 0.21; 41.32
32458501.217000; 0.24; 0.21; 41.32
32474236.527000; 0.24; 0.21; 41.32
32490734.084000; 0.24; 0.21; 41.32
32505970.728000; 0.24; 0.21; 41.32
32522626.196000; 0.24; 0.21; 41.32
32538953.970000; 0.24; 0.22; 41.32
32554590.734000; 0.25; 0.22; 41.32
32569661.155000; 0.25; 0.22; 41.32
32585683.792000; 0.25; 0.22; 41.32
32601605.508000; 0.25; 0.22; 41.32
32619620.437000; 0.24; 0.22; 41.32
32635322.503000; 0.24; 0.21; 41.32
32651453.184000; 0.24; 0.21; 41.32
32666960.532000; 0.24; 0.21; 41.32
32682940.426000; 0.23; 0.20; 41.32
32698234.060000; 0.23; 0.20; 41.32
32713976.494000; 0.23; 0.20; 41.32
32729531.334000; 0.22; 0.20; 41.32
32746315.031000; 0.22; 0.19; 41.32
32761983.852000; 0.22; 0.19; 41.32
32777735.784000; 0.21; 0.19; 41.32
32793773.856000; 0.21; 0.18; 41.32
32809725.255000; 0.21; 0.18; 41.32
32825687.340000; 0.20; 0.18; 41.32
32841927.253000; 0.20; 0.18; 41.32
32858301.331000; 0.20; 0.17; 41.32
32874478.317000; 0.19; 0.17; 41.32
32889524.992000; 0.19; 0.17; 41.32
32908628.677000; 0.19; 0.16; 41.32
32924289.187000; 0.18; 0.16; 41.32
32939471.214000; 0.18; 0.16; 41.32
32955140.035000; 0.18; 0.16; 41.32
32971452.374000; 0.17; 0.15; 41.32
32987957.055000; 0.17; 0.15; 41.32
33003622.314000; 0.17; 0.15; 41.32
33019520.285000; 0.17; 0.15; 41.32
33035447.938000; 0.16; 0.14; 41.32
33050847.241000; 0.16; 0.14; 41.32
33066875.815000; 0.16; 0.14; 41.32
33082468.648000; 0.15; 0.13; 41.32
33098296.568000; 0.15; 0.13; 41.32
33114483.052000; 0.15; 0.13; 41.32
33130625.607000; 0.14; 0.13; 41.32
33145984.542000; 0.14; 0.12; 41.32
33161890.823000; 0.14; 0.12; 41.32
33177592.889000; 0.13; 0.12; 41.32
33194304.161000; 0.13; 0.11; 41.32
33209806.760000; 0.13; 0.11; 41.32
33225949.314000; 0.12; 0.11; 41.32
33242622.592000; 0.12; 0.11; 41.32
33258934.931000; 0.12; 0.10; 41.32
33274597.816000; 0.11; 0.10; 41.32
33290130.097000; 0.11; 0.10; 41.32
33306443.623000; 0.11; 0.10; 41.32
33323095.530000; 0.11; 0.09; 41.32
33339450.611000; 0.10; 0.09; 41.32
33354845.165000; 0.10; 0.09; 41.32
33370620.844000; 0.10; 0.08; 41.32
33386609.049000; 0.09; 0.08; 41.32
33402520.079000; 0.09; 0.08; 41.32
33418527.281000; 0.09; 0.08; 41.32
33434628.280000; 0.08; 0.07; 41.32
33449714.136000; 0.08; 0.07; 41.32
33465512.373000; 0.08; 0.07; 41.32
33484703.918000; 0.07; 0.06; 41.32
33497443.666000; 0.07; 0.06; 41.32
33514659.541000; 0.07; 0.06; 41.32
33530380.604000; 0.06; 0.06; 41.32
33545700.358000; 0.06; 0.05; 41.32
33562074.436000; 0.06; 0.05; 41.32
33577861.987000; 0.05; 0.05; 41.32
33593793.202000; 0.05; 0.05; 41.32
33611577.795000; 0.05; 0.04; 40.97
33627222.870000; 0.05; 0.04; 40.33
33642733.780000; 0.05; 0.04; 39.70
33658850.213000; 0.05; 0.04; 39.05
33674454.920000; 0.05; 0.04; 38.41
33689688.002000; 0.05; 0.04; 37.79
33705615.654000; 0.04; 0.04; 37.14
33721708.342000; 0.04; 0.04; 36.48
33737747.601000; 0.04; 0.04; 35.83
33757330.956000; 0.04; 0.04; 35.03
33769754.882000; 0.04; 0.04; 34.52
33786497.023000; 0.04; 0.04; 33.84
33802456.733000; 0.04; 0.04; 33.18
33817815.669000; 0.04; 0.04; 32.55
33836651.023000; 0.04; 0.03; 31.79
33849644.854000; 0.04; 0.03; 31.26
33866037.929000; 0.04; 0.03; 30.59
33882535.486000; 0.04; 0.03; 29.92
33898629.361000; 0.03; 0.03; 29.26
33914117.713000; 0.03; 0.03; 28.62
33929398.286000; 0.03; 0.03; 28.00
33946016.948000; 0.03; 0.03; 27.32
33962058.582000; 0.03; 0.03; 26.66
33978063.410000; 0.03; 0.03; 26.01
33993969.691000; 0.03; 0.03; 25.36
34010154.988000; 0.03; 0.03; 24.70
34026567.060000; 0.03; 0.03; 24.03
34042666.872000; 0.03; 0.03; 23.37
34058712.067000; 0.03; 0.03; 22.72
34075215.562000; 0.02; 0.03; 22.05
34090749.030000; 0.02; 0.03; 21.41
34106679.058000; 0.02; 0.03; 20.76
34123336.901000; 0.02; 0.03; 20.09
34139632.617000; 0.02; 0.03; 19.44
34155394.048000; 0.02; 0.03; 18.78
34170788.602000; 0.02; 0.03; 18.14
34186599.899000; 0.02; 0.03; 17.50
34202472.936000; 0.02; 0.03; 16.85
34219022.735000; 0.02; 0.02; 16.17
34234614.382000; 0.01; 0.02; 15.53
34250450.612000; 0.01; 0.02; 14.90
34267519.262000; 0.01; 0.02; 14.20
34283805.480000; 0.01; 0.02; 13.53
34299451.742000; 0.01; 0.02; 12.89
34315352.087000; 0.01; 0.02; 12.24
34330713.397000; 0.01; 0.02; 11.61
34345917.983000; 0.01; 0.02; 10.99
34361426.519000; 0.01; 0.02; 10.35
34377349.422000; 0.01; 0.02; 9.70
34396448.358000; 0.00; 0.02; 8.93
34412215.725000; 0.00; 0.02; 8.28
34427730.197000; 0.00; 0.02; 7.65
34443509.437000; 0.00; 0.02; 7.00
34459261.369000; 0.00; 0.02; 6.37
34474854.203000; -0.00; 0.02; 5.72
34490496.903000; -0.00; 0.02; 5.09
34506445.927000; -0.00; 0.02; 4.44
34522570.672000; -0.00; 0.02; 3.77
34538723.912000; -0.00; 0.02; 3.12
34555387.692000; -0.01; 0.02; 2.44
34570720.507000; -0.01; 0.02; 1.81
34586066.382000; -0.01; 0.02; 1.19
34601954.854000; -0.01; 0.02; 0.53
34619816.621000; -0.01; 0.02; 0.44
34635215.925000; -0.01; 0.02; 0.44
34651015.349000; -0.01; 0.02; 0.44
34666555.941000; -0.01; 0.02; 0.44
34682468.159000; -0.01; 0.02; 0.44
34697527.894000; -0.01; 0.02; 0.44
34714036.138000; -0.01; 0.02; 0.44
34730480.267000; -0.01; 0.02; 0.44
34746970.701000; -0.01; 0.02; 0.44
34762197.846000; -0.01; 0.02; 0.44
34778441.321000; -0.01; 0.02; 0.44
34794199.189000; -0.01; 0.02; 0.44
34810450.975000; -0.01; 0.02; 0.44
34825998.692000; -0.01; 0.02; 0.44
34844419.678000; -0.01; 0.02; 0.44
34860290.341000; -0.01; 0.02; 0.44
34876402.025000; -0.01; 0.02; 0.44
34889914.706000; -0.01; 0.02; 0.44
34906758.956000; -0.01; 0.02; 0.44
34922699.669000; -0.01; 0.02; 0.44
34938215.328000; -0.01; 0.02; 0.44
34954748.505000; -0.01; 0.02; 0.44
34970487.377000; -0.01; 0.02; 0.44
34986702.357000; -0.01; 0.02; 0.44
35002334.371000; -0.01; 0.02; 0.44
35018700.138000; -0.01; 0.02; 0.44
35033839.423000; -0.01; 0.02; 0.44
35050965.063000; -0.01; 0.02; 0.44
35067664.462000; -0.01; 0.02; 0.44
35082939.099000; -0.01; 0.02; 0.44
35098454.758000; -0.01; 0.02; 0.44
35113778.074000; -0.01; 0.02; 0.44
35129703.352000; -0.01; 0.02; 0.44
35145938.516000; -0.01; 0.02; 0.44
35162225.922000; -0.01; 0.02; 0.44
35177960.044000; -0.01; 0.02; 0.44
35193532.694000; -0.01; 0.02; 0.44
35210456.493000; -0.01; 0.02; 0.44
35225994.711000; -0.01; 0.02; 0.44
35242741.602000; -0.01; 0.02; 0.44
35258495.909000; -0.01; 0.02; 0.44
35273818.037000; -0.01; 0.02; 0.44
35291927.951000; -0.01; 0.02; 0.44
35307113.540000; -0.01; 0.02; 0.44
35322074.729000; -0.01; 0.02; 0.44
35340886.338000; -0.01; 0.02; 0.44
35356502.918000; -0.01; 0.02; 0.44
35370926.259000; -0.01; 0.02; 0.44
35385693.918000; -0.01; 0.02; 0.44
35404003.298000; -0.01; 0.02; 0.44
35419019.103000; -0.01; 0.02; 0.44
35434121.582000; -0.01; 0.02; 0.44
35453273.946000; -0.01; 0.02; 0.44
35466220.284000; -0.01; 0.02; 0.44
35481473.549000; -0.01; 0.02; 0.44
35500617.603000; -0.01; 0.02; 0.44
35515476.684000; -0.01; 0.02; 0.44
35529027.359000; -0.01; 0.02; 0.44
35545203.158000; -0.01; 0.02; 0.44
35564318.716000; -0.01; 0.02; 0.44
35577451.460000; -0.01; 0.02; 0.44
35596182.332000; -0.01; 0.02; 0.44
35610820.575000; -0.01; 0.02; 0.44
35626695.987000; -0.01; 0.02; 0.44
35642342.249000; -0.01; 0.02; 0.44
35657629.946000; -0.01; 0.02; 0.44
35675224.571000; -0.01; 0.02; 0.44
35689625.354000; -0.01; 0.02; 0.44
35707577.356000; -0.01; 0.02; 0.44
35723782.837000; -0.01; 0.02; 0.44
35739648.751000; -0.01; 0.02; 0.44
35755367.438000; -0.01; 0.02; 0.44
35771335.459000; -0.01; 0.02; 0.44
35785764.737000; -0.01; 0.02; 0.44
35802616.111000; -0.01; 0.02; 0.44
35818033.224000; -0.01; 0.02; 0.44
35835549.486000; -0.01; 0.02; 0.44
35850213.850000; -0.01; 0.02; 0.44
35865663.020000; -0.01; 0.02; 0.44
35881546.743000; -0.01; 0.02; 0.44
35897156.199000; -0.01; 0.02; 0.44
35913282.131000; -0.01; 0.02; 0.44
35929281.022000; -0.01; 0.02; 0.44
35945657.475000; -0.01; 0.02; 0.44
35961805.966000; -0.01; 0.02; 0.44
35979427.898000; -0.01; 0.02; 0.44
35994761.900000; -0.01; 0.02; 0.44
36010728.734000; -0.01; 0.02; 0.44
36026192.152000; -0.01; 0.02; 0.44
36041833.665000; -0.01; 0.02; 0.44
36057648.524000; -0.01; 0.02; 0.44
36073947.802000; -0.01; 0.02; 0.44
36089874.268000; -0.01; 0.02; 0.44
36105703.375000; -0.01; 0.02; 0.44
36121686.831000; -0.01; 0.02; 0.44
36139428.681000; -0.01; 0.02; 0.44
36154884.975000; -0.01; 0.02; 0.44
36169869.910000; -0.01; 0.02; 0.44
36188397.753000; -0.01; 0.02; 0.44
36202783.101000; -0.01; 0.02; 0.44
36218367.624000; -0.01; 0.02; 0.44
36237449.937000; -0.01; 0.02; 0.44
36250733.469000; -0.01; 0.02; 0.44
36266669.433000; -0.01; 0.02; 0.44
36282335.880000; -0.01; 0.02; 0.44
36297415.799000; -0.01; 0.02; 0.44
36313535.795000; -0.01; 0.02; 0.44
36331233.714000; -0.01; 0.02; 0.44
36346251.894000; -0.01; 0.02; 0.44
36362222.290000; -0.01; 0.02; 0.44
36377768.819000; -0.01; 0.02; 0.44
36393778.395000; -0.01; 0.02; 0.44
36409271.496000; -0.01; 0.02; 0.44
36426815.066000; -0.01; 0.02; 0.44
36443000.364000; -0.01; 0.02; 0.44
36458043.477000; -0.01; 0.02; 0.44
36476104.711000; -0.01; 0.02; 0.44
36490785.697000; -0.01; 0.02; 0.44
36506555.438000; -0.01; 0.02; 0.44
36522350.113000; -0.01; 0.02; 0.44
36538869.042000; -0.01; 0.02; 0.44
36554198.295000; -0.01; 0.02; 0.44
36569649.840000; -0.01; 0.02; 0.44
36587616.090000; -0.01; 0.02; 0.44
36602629.520000; -0.01; 0.02; 0.44
36617901.783000; -0.01; 0.02; 0.44
36633783.131000; -0.01; 0.02; 0.44
36651913.228000; -0.01; 0.02; 0.44
36667495.376000; -0.01; 0.02; 0.44
36682840.064000; -0.01; 0.02; 0.44
36698466.142000; -0.01; 0.02; 0.44
36714088.658000; -0.01; 0.02; 0.44
36729203.009000; -0.01; 0.02; 0.44
36745480.916000; -0.01; 0.02; 0.44
36763473.287000; -0.01; 0.02; 0.44
36777758.901000; -0.01; 0.02; 0.44
36793781.538000; -0.01; 0.02; 0.44
36810271.972000; -0.01; 0.02; 0.44
36826856.203000; -0.01; 0.02; 0.44
36842387.297000; -0.01; 0.02; 0.44
36858330.384000; -0.01; 0.02; 0.44
36873689.320000; -0.01; 0.02; 0.44
36889258.407000; -0.01; 0.02; 0.44
36907399.191000; -0.01; 0.02; 0.44
36922247.586000; -0.01; 0.02; 0.44
36938538.553000; -0.01; 0.02; 0.44
36953797.755000; -0.01; 0.02; 0.44
36969609.053000; -0.01; 0.02; 0.44
36987838.883000; -0.01; 0.02; 0.44
37002587.546000; -0.01; 0.02; 0.44
37017751.763000; -0.01; 0.02; 0.44
37033798.146000; -0.01; 0.02; 0.44
37052454.219000; -0.01; 0.02; 0.44
37068075.548000; -0.01; 0.02; 0.44
37083722.997000; -0.01; 0.02; 0.44
37098503.717000; -0.01; 0.02; 0.44
37114962.093000; -0.01; 0.02; 0.44
37129605.086000; -0.01; 0.02; 0.44
37147612.891000; -0.01; 0.02; 0.44
37163453.871000; -0.01; 0.02; 0.44
37178886.419000; -0.01; 0.02; 0.44
37193652.891000; -0.01; 0.02; 0.44
37209445.191000; -0.01; 0.02; 0.44
37225882.196000; -0.01; 0.02; 0.44
37243772.459000; -0.01; 0.02; 0.44
37258738.397000; -0.01; 0.02; 0.44
37274732.539000; -0.01; 0.02; 0.44
37290060.604000; -0.01; 0.02; 0.44
37305709.241000; -0.01; 0.02; 0.44
37322444.259000; -0.01; 0.02; 0.44
37337194.109000; -0.01; 0.02; 0.44
37354895.590000; -0.01; 0.02; 0.44
37369257.192000; -0.01; 0.02; 0.44
37387451.404000; -0.01; 0.02; 0.44
37402612.060000; -0.01; 0.02; 0.44
37418567.021000; -0.01; 0.02; 0.44
37434039.937000; -0.01; 0.02; 0.44
37449671.952000; -0.01; 0.02; 0.44
37465471.376000; -0.01; 0.02; 0.44
37483906.610000; -0.01; 0.02; 0.44
37499465.012000; -0.01; 0.02; 0.44
37514427.388000; -0.01; 0.02; 0.44
37530148.451000; -0.01; 0.02; 0.44
37545773.342000; -0.01; 0.02; 0.44
37563351.344000; -0.01; 0.02; 0.44
37577740.254000; -0.01; 0.02; 0.44
37595763.494000; -0.01; 0.02; 0.44
37610215.331000; -0.01; 0.02; 0.08
37625493.529000; -0.01; 0.02; -0.55
37643460.967000; -0.01; 0.02; -1.29
37658213.191000; -0.01; 0.02; -1.90
37673240.869000; -0.01; 0.02; -2.52
37690029.315000; -0.01; 0.02; -3.21
37705702.886000; -0.01; 0.02; -3.85
37721951.110000; -0.01; 0.02; -4.53
37739580.166000; -0.01; 0.02; -5.26
37753903.774000; -0.01; 0.02; -5.85
37769180.786000; -0.01; 0.02; -6.48
37787680.134000; -0.01; 0.02; -7.24
37802749.368000; -0.01; 0.02; -7.86
37819136.506000; -0.01; 0.02; -8.50
37833759.315000; -0.01; 0.02; -9.14
37851523.723000; -0.01; 0.02; -9.87
37866239.141000; -0.01; 0.02; -10.48
37881222.889000; -0.01; 0.02; -11.10
37899236.631000; -0.01; 0.02; -11.84
37913592.296000; -0.01; 0.02; -12.43
37931313.962000; -0.01; 0.02; -13.16
37946068.561000; -0.01; 0.02; -13.77
37961846.613000; -0.01; 0.02; -14.42
37979683.447000; -0.01; 0.02; -15.16
37994246.891000; -0.01; 0.02; -15.76
38009459.788000; -0.01; 0.02; -16.39
38025963.282000; -0.01; 0.02; -17.07
38041585.798000; -0.01; 0.02; -17.71
38057953.940000; -0.01; 0.02; -18.39
38073338.996000; -0.01; 0.02; -19.02
38091423.976000; -0.01; 0.02; -19.75
38107431.178000; -0.01; 0.02; -20.42
38122850.666000; -0.01; 0.02; -21.06
38138477.931000; -0.01; 0.02; -21.71
38154346.219000; -0.01; 0.02; -22.36
38169561.491000; -0.01; 0.02; -22.99
38187056.382000; -0.01; 0.02; -23.71
38201720.745000; -0.01; 0.02; -24.32
38220585.783000; -0.01; 0.02; -25.10
38235277.454000; -0.01; 0.02; -25.70
38249843.272000; -0.01; 0.02; -26.30
38267748.970000; -0.01; 0.02; -27.04
38282735.092000; -0.01; 0.02; -27.66
38298224.631000; -0.01; 0.02; -28.29
38313121.706000; -0.01; 0.02; -28.91
38330522.800000; -0.01; 0.02; -29.63
38345269.087000; -0.01; 0.02; -30.24
38363037.058000; -0.01; 0.02; -30.97
38377596.939000; -0.01; 0.02; -31.57
38395241.430000; -0.01; 0.02; -32.30
38409755.007000; -0.01; 0.02; -32.90
38428037.079000; -0.01; 0.02; -33.65
38442776.243000; -0.01; 0.02; -34.26
38458189.794000; -0.01; 0.02; -34.90
38473700.704000; -0.01; 0.02; -35.54
38490421.474000; -0.01; 0.02; -36.22
38506831.171000; -0.01; 0.02; -36.90
38522193.669000; -0.01; 0.02; -37.54
38538161.690000; -0.01; 0.02; -38.19
38553494.504000; -0.01; 0.02; -38.83
38571276.722000; -0.01; 0.02; -39.57
38586262.845000; -0.01; 0.02; -40.18
38601801.063000; -0.01; 0.02; -40.82
38617253.795000; -0.01; 0.02; -40.82
38635351.835000; -0.01; 0.02; -40.82
38650588.479000; -0.01; 0.02; -40.82
38665568.665000; -0.01; 0.02; -40.82
38683606.153000; -0.01; 0.02; -40.82
38697142.580000; -0.01; 0.03; -40.82
38713331.439000; -0.01; 0.03; -40.82
38729154.609000; -0.01; 0.03; -40.82
38747583.907000; -0.02; 0.03; -40.82
38762840.734000; -0.02; 0.03; -40.82
38778054.819000; -0.02; 0.03; -40.82
38793812.687000; -0.02; 0.03; -40.82
38809568.181000; -0.02; 0.03; -40.82
38828528.203000; -0.02; 0.03; -40.82
38843675.798000; -0.02; 0.03; -40.82
38859124.968000; -0.02; 0.03; -40.82
38875428.996000; -0.02; 0.03; -40.82
38890796.242000; -0.02; 0.03; -40.82
38905637.514000; -0.02; 0.03; -40.82
38924190.291000; -0.02; 0.04; -40.82
38940231.925000; -0.03; 0.04; -40.82
38955773.705000; -0.03; 0.04; -40.82
38970795.446000; -0.03; 0.04; -40.82
38986952.248000; -0.03; 0.04; -40.82
39002469.095000; -0.03; 0.04; -40.82
39018488.170000; -0.03; 0.04; -40.82
39034229.416000; -0.03; 0.04; -40.82
39049463.685000; -0.03; 0.04; -40.82
39067821.744000; -0.03; 0.04; -40.82
39083830.134000; -0.03; 0.04; -40.82
39100241.018000; -0.03; 0.04; -40.82
39116350.328000; -0.03; 0.04; -40.82
39131887.359000; -0.04; 0.04; -40.82
39145655.310000; -0.04; 0.04; -40.82
39163943.318000; -0.04; 0.05; -40.82
39178466.393000; -0.04; 0.05; -40.82
39193451.328000; -0.04; 0.05; -40.82
39212437.470000; -0.04; 0.05; -40.82
39228327.130000; -0.04; 0.05; -40.82
39243547.151000; -0.04; 0.05; -40.82
39259586.410000; -0.04; 0.05; -40.82
39274377.815000; -0.04; 0.05; -40.82
39290066.820000; -0.04; 0.05; -40.82
39305702.397000; -0.04; 0.05; -40.82
39321556.437000; -0.04; 0.05; -40.82
39340829.906000; -0.05; 0.05; -40.82
39355531.076000; -0.05; 0.05; -40.82
39370146.760000; -0.05; 0.05; -40.82
39386605.137000; -0.05; 0.06; -40.82
39402564.847000; -0.05; 0.06; -40.82
39418043.700000; -0.05; 0.06; -40.82
39434376.222000; -0.05; 0.06; -40.82
39450517.590000; -0.05; 0.06; -40.82
39465523.896000; -0.05; 0.06; -40.82
39481468.171000; -0.05; 0.06; -40.82
39498351.602000; -0.05; 0.06; -40.82
39513430.334000; -0.05; 0.06; -40.82
39531065.327000; -0.05; 0.06; -40.82
39545708.319000; -0.06; 0.06; -40.82
39561947.045000; -0.06; 0.06; -40.82
39578029.047000; -0.06; 0.06; -40.82
39593467.531000; -0.06; 0.06; -40.82
39610156.245000; -0.06; 0.06; -40.82
39625625.599000; -0.06; 0.07; -40.82
39642529.214000; -0.06; 0.07; -40.82
39658397.502000; -0.06; 0.07; -40.82
39673433.491000; -0.06; 0.07; -40.82
39689145.055000; -0.06; 0.07; -40.82
39706131.781000; -0.06; 0.07; -40.82
39724055.288000; -0.06; 0.07; -40.82
39738971.359000; -0.07; 0.07; -40.82
39754890.701000; -0.07; 0.07; -40.82
39771054.627000; -0.07; 0.07; -40.82
39786277.023000; -0.07; 0.07; -40.82
39801639.520000; -0.07; 0.07; -40.82
39817565.985000; -0.07; 0.07; -40.82
39833295.359000; -0.07; 0.07; -40.82
39851013.463000; -0.07; 0.08; -40.82
39865887.979000; -0.07; 0.08; -40.82
39883919.530000; -0.07; 0.08; -40.82
39898237.202000; -0.07; 0.08; -40.82
39913617.509000; -0.07; 0.08; -40.82
39932582.279000; -0.07; 0.08; -40.82
39945269.786000; -0.08; 0.08; -40.82
39963665.839000; -0.08; 0.08; -40.82
39978852.615000; -0.08; 0.08; -40.82
39993873.170000; -0.08; 0.08; -40.82
40009395.953000; -0.08; 0.08; -40.82
40026083.478000; -0.08; 0.08; -40.82
40041955.328000; -0.08; 0.08; -40.82
40057454.365000; -0.08; 0.08; -40.82
40076112.812000; -0.08; 0.09; -40.82
40090671.506000; -0.08; 0.09; -40.82
40106241.781000; -0.08; 0.09; -40.82
40122323.783000; -0.08; 0.09; -40.82
40137605.543000; -0.09; 0.09; -40.82
40153368.161000; -0.09; 0.09; -40.82
40174236.177000; -0.09; 0.09; -40.82
40185788.623000; -0.09; 0.09; -40.82
40201158.244000; -0.09; 0.09; -40.82
40220568.252000; -0.09; 0.09; -40.82
40236075.600000; -0.09; 0.09; -40.82
40249961.094000; -0.09; 0.09; -40.82
40265438.760000; -0.09; 0.09; -40.82
40281671.549000; -0.09; 0.09; -40.82
40299712.599000; -0.09; 0.09; -40.82
40314981.299000; -0.09; 0.10; -40.82
40330366.355000; -0.09; 0.10; -40.82
40345864.205000; -0.10; 0.10; -40.82
40364263.820000; -0.10; 0.10; -40.82
40379195.326000; -0.10; 0.10; -40.82
40393716.027000; -0.10; 0.10; -40.82
40409464.397000; -0.10; 0.10; -40.82
40425830.164000; -0.10; 0.10; -40.82
40443948.389000; -0.10; 0.10; -40.82
40459548.346000; -0.10; 0.10; -40.82
40475639.847000; -0.10; 0.10; -40.82
40490889.550000; -0.10; 0.10; -40.82
40506501.381000; -0.10; 0.10; -40.82
40523296.951000; -0.10; 0.10; -40.82
40537956.566000; -0.11; 0.10; -40.82
40556295.628000; -0.11; 0.11; -40.82
40571531.084000; -0.11; 0.11; -40.82
40587903.975000; -0.11; 0.11; -40.82
40603781.761000; -0.11; 0.11; -40.82
40618804.690000; -0.11; 0.11; -40.82
40634596.991000; -0.11; 0.11; -40.82
40649883.500000; -0.11; 0.11; -40.82
40665434.779000; -0.11; 0.11; -40.82
40683253.803000; -0.11; 0.11; -40.82
40698797.957000; -0.11; 0.11; -40.82
40714818.220000; -0.11; 0.11; -40.82
40731020.139000; -0.11; 0.11; -40.82
40746033.570000; -0.12; 0.11; -40.82
40761342.638000; -0.12; 0.11; -40.82
40779136.730000; -0.12; 0.12; -40.82
40793753.601000; -0.12; 0.12; -40.82
40809604.079000; -0.12; 0.12; -40.82
40825648.088000; -0.12; 0.12; -40.82
40844080.947000; -0.12; 0.12; -40.82
40859470.752000; -0.12; 0.12; -40.82
40874782.196000; -0.12; 0.12; -40.82
40889889.423000; -0.12; 0.12; -40.82
40905909.685000; -0.12; 0.12; -40.82
40921255.560000; -0.12; 0.12; -40.82
40939037.778000; -0.13; 0.12; -40.82
40953754.383000; -0.13; 0.12; -40.82
40969043.268000; -0.13; 0.12; -40.82
40987353.835000; -0.13; 0.12; -40.82
41002801.818000; -0.13; 0.12; -40.82
41017814.061000; -0.13; 0.13; -40.82
41033245.422000; -0.13; 0.13; -40.82
41052516.517000; -0.13; 0.13; -40.82
41065240.829000; -0.13; 0.13; -40.82
41083138.216000; -0.13; 0.13; -40.82
41097918.935000; -0.13; 0.13; -40.82
41114094.734000; -0.13; 0.13; -40.82
41129637.701000; -0.13; 0.13; -40.82
41147986.262000; -0.14; 0.13; -40.82
41163196.785000; -0.14; 0.13; -40.82
41178034.494000; -0.14; 0.13; -40.82
41194242.350000; -0.14; 0.13; -40.82
41209365.013000; -0.14; 0.13; -40.82
41227301.580000; -0.14; 0.13; -40.82
41242353.004000; -0.14; 0.14; -40.82
41257758.244000; -0.14; 0.14; -40.82
41276330.018000; -0.14; 0.14; -40.82
41289155.251000; -0.14; 0.14; -40.82
41307418.327000; -0.14; 0.14; -40.82
41322214.481000; -0.14; 0.14; -40.82
41338789.213000; -0.15; 0.14; -40.82
41354459.222000; -0.15; 0.14; -40.82
41370407.059000; -0.15; 0.14; -40.82
41385813.486000; -0.15; 0.14; -40.82
41404514.676000; -0.15; 0.14; -40.82
41420665.541000; -0.15; 0.14; -40.82
41436221.568000; -0.15; 0.14; -40.82
41451740.789000; -0.15; 0.14; -40.82
41467214.893000; -0.15; 0.15; -40.82
41482326.870000; -0.15; 0.15; -40.82
41498652.268000; -0.15; 0.15; -40.82
41515308.925000; -0.15; 0.15; -40.82
41530632.241000; -0.15; 0.15; -40.82
41546093.284000; -0.16; 0.15; -40.82
41562071.991000; -0.16; 0.15; -40.82
41577880.913000; -0.16; 0.15; -40.82
41594127.950000; -0.16; 0.15; -40.82
41611001.883000; -0.16; 0.15; -40.82
41626730.069000; -0.16; 0.15; -40.82
41642657.722000; -0.16; 0.15; -40.82
41658248.181000; -0.16; 0.15; -40.82
41674343.243000; -0.16; 0.15; -40.82
41690459.677000; -0.16; 0.15; -40.82
41706388.517000; -0.16; 0.16; -40.82
41725230.996000; -0.16; 0.16; -40.82
41739594.972000; -0.17; 0.16; -40.82
41754850.612000; -0.17; 0.16; -40.82
41770826.944000; -0.17; 0.16; -40.82
41786439.962000; -0.17; 0.16; -40.82
41801646.923000; -0.17; 0.16; -40.82
41817760.982000; -0.17; 0.16; -40.82
41836735.251000; -0.17; 0.16; -40.82
41852049.069000; -0.17; 0.16; -40.82
41866802.480000; -0.17; 0.16; -40.82
41883674.038000; -0.17; 0.16; -40.82
41898965.297000; -0.17; 0.16; -40.82
41913628.473000; -0.17; 0.16; -40.82
41929533.568000; -0.17; 0.16; -40.82
41947452.325000; -0.18; 0.17; -40.82
41962854.004000; -0.18; 0.17; -40.82
41978481.269000; -0.18; 0.17; -40.82
41993957.747000; -0.18; 0.17; -40.82
42010267.711000; -0.18; 0.17; -40.82
42026832.945000; -0.18; 0.17; -40.82
42042285.677000; -0.18; 0.17; -40.82
42058142.092000; -0.18; 0.17; -40.82
42073822.786000; -0.18; 0.17; -40.82
42090222.985000; -0.18; 0.17; -40.82
42106517.514000; -0.18; 0.17; -40.82
42122442.792000; -0.18; 0.17; -40.82
42137678.248000; -0.19; 0.17; -40.82
42156013.749000; -0.19; 0.17; -40.82
42171307.382000; -0.19; 0.18; -40.82
42186920.400000; -0.19; 0.18; -40.82
42203019.024000; -0.19; 0.18; -40.82
42217583.655000; -0.19; 0.18; -40.82
42235508.349000; -0.19; 0.18; -40.82
42250888.656000; -0.19; 0.18; -40.82
42266987.280000; -0.19; 0.18; -40.82
42282255.981000; -0.19; 0.18; -40.82
42297763.329000; -0.19; 0.18; -40.82
42313568.689000; -0.19; 0.18; -40.82
42329838.285000; -0.19; 0.18; -40.82
42345746.941000; -0.20; 0.18; -40.82
42361199.673000; -0.20; 0.18; -40.82
42380050.463000; -0.20; 0.18; -40.82
42394593.722000; -0.20; 0.19; -40.82
42410875.191000; -0.20; 0.19; -40.82
42426882.393000; -0.20; 0.19; -40.82
42442804.109000; -0.20; 0.19; -40.82
42457836.536000; -0.20; 0.19; -40.82
42474455.199000; -0.20; 0.19; -40.82
42490943.258000; -0.20; 0.19; -40.82
42505695.482000; -0.20; 0.19; -40.82
42521338.182000; -0.20; 0.19; -40.82
42539388.731000; -0.21; 0.19; -40.82
42554205.069000; -0.21; 0.19; -40.82
42569096.207000; -0.21; 0.19; -40.82
42587519.568000; -0.21; 0.19; -40.82
42602673.101000; -0.21; 0.19; -40.82
42620697.528000; -0.21; 0.19; -40.82
42635429.568000; -0.21; 0.20; -40.82
42650780.192000; -0.21; 0.20; -40.82
42666033.458000; -0.21; 0.20; -40.82
42681892.247000; -0.21; 0.20; -40.82
42699654.281000; -0.21; 0.20; -40.82
42714404.131000; -0.21; 0.20; -40.82
42730024.272000; -0.21; 0.20; -40.82
42745706.154000; -0.22; 0.20; -40.82
42763943.108000; -0.22; 0.20; -40.82
42778873.428000; -0.22; 0.20; -40.82
42794119.569000; -0.22; 0.20; -40.82
42809626.917000; -0.22; 0.20; -40.82
42825371.726000; -0.22; 0.20; -40.82
42842155.423000; -0.22; 0.20; -40.82
42857441.933000; -0.22; 0.21; -40.82
42875408.183000; -0.22; 0.21; -40.82
42890019.118000; -0.22; 0.21; -40.82
42905828.041000; -0.22; 0.21; -40.82
42921857.801000; -0.22; 0.21; -40.82
42937779.518000; -0.23; 0.21; -40.82
42953657.304000; -0.23; 0.21; -40.82
42970671.338000; -0.23; 0.21; -40.82
42988575.848000; -0.23; 0.21; -40.82
43002460.154000; -0.23; 0.21; -40.82
43018456.671000; -0.23; 0.21; -40.82
43034460.311000; -0.23; 0.21; -40.82
43049696.954000; -0.23; 0.21; -40.82
43065452.448000; -0.23; 0.21; -40.82
43082296.698000; -0.23; 0.21; -40.82
43098112.744000; -0.23; 0.22; -40.82
43114400.150000; -0.23; 0.22; -40.82
43129795.891000; -0.23; 0.22; -40.82
43146117.728000; -0.24; 0.22; -40.82
43161786.549000; -0.24; 0.22; -40.82
43177902.983000; -0.24; 0.22; -40.82
43194278.249000; -0.24; 0.22; -40.82
43209442.466000; -0.24; 0.22; -40.82
43227681.796000; -0.24; 0.22; -40.82
43243842.160000; -0.24; 0.22; -40.82
43260306.473000; -0.24; 0.22; -40.82
43275844.691000; -0.24; 0.22; -40.82
43291152.572000; -0.24; 0.22; -40.82
43306842.765000; -0.24; 0.22; -40.82
43322220.697000; -0.24; 0.23; -40.82
43337795.721000; -0.25; 0.23; -40.82
43353680.631000; -0.25; 0.23; -40.82
43369542.982000; -0.25; 0.23; -40.82
43388739.276000; -0.25; 0.23; -40.82
43402091.672000; -0.25; 0.23; -40.82
43418570.233000; -0.25; 0.23; -40.82
43433664.400000; -0.25; 0.23; -40.82
43452262.294000; -0.25; 0.23; -40.82
43467767.267000; -0.25; 0.23; -40.82
43483063.276000; -0.25; 0.23; -40.82
43498440.021000; -0.25; 0.23; -40.82
43514859.216000; -0.25; 0.23; -40.82
43530596.901000; -0.25; 0.23; -40.82
43546575.608000; -0.26; 0.23; -40.82
43562130.448000; -0.26; 0.24; -40.82
43578211.262000; -0.26; 0.24; -40.82
43593897.893000; -0.26; 0.24; -40.82
43611341.730000; -0.26; 0.24; -40.82
43627453.415000; -0.25; 0.23; -40.82
43642616.445000; -0.25; 0.23; -40.82
43658744.752000; -0.25; 0.23; -40.82
43674480.062000; -0.24; 0.22; -40.82
43690269.988000; -0.24; 0.22; -40.82
43706661.876000; -0.24; 0.22; -40.82
43722629.897000; -0.23; 0.22; -40.82
43739281.804000; -0.23; 0.21; -40.82
43755627.387000; -0.23; 0.21; -40.82
43771036.188000; -0.22; 0.21; -40.82
43786214.654000; -0.22; 0.21; -40.82
43802845.189000; -0.22; 0.20; -40.82
43818593.560000; -0.22; 0.20; -40.82
43834106.844000; -0.21; 0.20; -40.82
43848923.182000; -0.21; 0.19; -40.82
43867502.080000; -0.21; 0.19; -40.82
43882272.114000; -0.20; 0.19; -40.82
43897640.547000; -0.20; 0.19; -40.82
43913244.067000; -0.20; 0.18; -40.82
43929251.269000; -0.19; 0.18; -40.82
43945732.204000; -0.19; 0.18; -40.82
43962059.978000; -0.19; 0.18; -40.82
43977689.618000; -0.18; 0.17; -40.82
43993592.337000; -0.18; 0.17; -40.82
44011882.721000; -0.18; 0.17; -40.82
44026377.300000; -0.17; 0.16; -40.82
44042442.680000; -0.17; 0.16; -40.82
44058457.006000; -0.17; 0.16; -40.82
44074941.503000; -0.16; 0.16; -40.82
44090602.013000; -0.16; 0.15; -40.82
44106476.237000; -0.16; 0.15; -40.82
44122954.798000; -0.15; 0.15; -40.82
44139738.496000; -0.15; 0.14; -40.82
44155457.183000; -0.15; 0.14; -40.82
44171301.725000; -0.14; 0.14; -40.82
44186449.321000; -0.14; 0.14; -40.82
44202233.310000; -0.14; 0.13; -40.82
44218019.674000; -0.14; 0.13; -40.82
44234614.590000; -0.13; 0.13; -40.82
44249534.224000; -0.13; 0.13; -40.82
44268399.261000; -0.13; 0.12; -40.82
44281537.942000; -0.12; 0.12; -40.82
44297887.087000; -0.12; 0.12; -40.82
44313859.857000; -0.12; 0.11; -40.82
44329087.002000; -0.11; 0.11; -40.82
44345500.261000; -0.11; 0.11; -40.82
44361829.222000; -0.11; 0.11; -40.82
44380112.482000; -0.10; 0.10; -40.82
44396382.077000; -0.10; 0.10; -40.82
44412029.527000; -0.10; 0.10; -40.82
44427743.465000; -0.09; 0.09; -40.82
44443548.826000; -0.09; 0.09; -40.82
44459990.581000; -0.09; 0.09; -40.82
44475855.306000; -0.08; 0.09; -40.82
44491267.670000; -0.08; 0.08; -40.82
44506716.841000; -0.08; 0.08; -40.82
44522524.576000; -0.07; 0.08; -40.82
44538414.235000; -0.07; 0.08; -40.82
44554518.796000; -0.07; 0.07; -40.82
44570450.011000; -0.07; 0.07; -40.82
44585567.924000; -0.06; 0.07; -40.82
44602885.907000; -0.06; 0.06; -40.82
44621224.969000; -0.06; 0.06; -40.19
44633202.469000; -0.06; 0.06; -39.71
44651646.014000; -0.06; 0.06; -38.98
44667617.597000; -0.05; 0.06; -38.37
44682693.955000; -0.05; 0.06; -37.74
44698130.065000; -0.05; 0.06; -37.12
44714228.689000; -0.05; 0.06; -36.48
44729769.282000; -0.05; 0.06; -35.86
44746055.499000; -0.05; 0.06; -35.21
44762342.905000; -0.05; 0.06; -34.58
44778280.056000; -0.05; 0.06; -33.93
44793896.636000; -0.05; 0.06; -33.31
44809517.965000; -0.05; 0.05; -32.69
44825613.027000; -0.04; 0.05; -32.05
44841759.143000; -0.04; 0.05; -31.42
44857639.304000; -0.04; 0.05; -30.78
44876536.399000; -0.04; 0.05; -30.02
44892610.090000; -0.04; 0.05; -29.39
44907868.104000; -0.04; 0.05; -28.78
44923457.376000; -0.04; 0.05; -28.15
44939482.388000; -0.04; 0.05; -27.52
44956477.425000; -0.04; 0.05; -26.85
44972749.395000; -0.03; 0.05; -26.23
44988211.625000; -0.03; 0.05; -25.58
45003804.459000; -0.03; 0.05; -24.96
45019622.880000; -0.03; 0.05; -24.33
45034941.447000; -0.03; 0.05; -23.72
45050886.910000; -0.03; 0.05; -23.09
45066121.178000; -0.03; 0.05; -22.47
45081969.282000; -0.03; 0.05; -21.85
45098547.576000; -0.03; 0.04; -21.20
45113996.746000; -0.02; 0.04; -20.57
45129638.259000; -0.02; 0.04; -19.95
45145768.941000; -0.02; 0.04; -19.30
45162163.203000; -0.02; 0.04; -18.65
45177241.935000; -0.02; 0.04; -18.05
45194239.347000; -0.02; 0.04; -17.37
45209876.111000; -0.02; 0.04; -16.75
45226435.408000; -0.02; 0.04; -16.09
45242283.512000; -0.02; 0.04; -15.46
45258433.190000; -0.01; 0.04; -14.83
45274448.703000; -0.01; 0.04; -14.18
45291108.921000; -0.01; 0.04; -13.53
45308550.384000; -0.01; 0.04; -12.83
45324295.192000; -0.01; 0.04; -12.21
45339756.235000; -0.01; 0.04; -11.58
45355644.707000; -0.01; 0.04; -10.95
45370861.166000; -0.01; 0.04; -10.34
45387719.663000; -0.00; 0.04; -9.67
45402628.611000; -0.00; 0.04; -9.08
45418452.969000; -0.00; 0.04; -8.46
45434620.457000; -0.00; 0.04; -7.81
45449864.224000; -0.00; 0.04; -7.20
45465762.194000; 0.00; 0.04; -6.57
45481878.628000; 0.00; 0.04; -5.93
45498460.484000; 0.00; 0.04; -5.27
45514641.032000; 0.00; 0.04; -4.62
45530267.110000; 0.01; 0.04; -4.00
45547233.652000; 0.01; 0.04; -3.32
45563274.098000; 0.01; 0.04; -2.69
45578850.310000; 0.01; 0.04; -2.06
45594123.759000; 0.01; 0.04; -1.46
45611491.609000; 0.01; 0.04; -1.08
45627741.021000; 0.01; 0.04; -1.07
45643548.756000; 0.01; 0.04; -1.05
45659345.806000; 0.01; 0.04; -1.04
45676324.221000; 0.01; 0.04; -1.03
45690741.626000; 0.01; 0.04; -1.01
45706158.739000; 0.01; 0.04; -1.00
45721619.782000; 0.01; 0.04; -0.99
45738092.406000; 0.01; 0.04; -0.97
45754447.488000; 0.01; 0.04; -0.96
45769485.852000; 0.01; 0.04; -0.95
45788606.159000; 0.01; 0.04; -0.93
45801779.272000; 0.01; 0.04; -0.92
45821541.909000; 0.01; 0.04; -0.91
45833350.812000; 0.01; 0.04; -0.90
45850123.824000; 0.01; 0.04; -0.88
45866640.378000; 0.01; 0.04; -0.87
45881723.859000; 0.01; 0.04; -0.86
45897564.839000; 0.01; 0.04; -0.84
45915667.629000; 0.01; 0.04; -0.83
45931604.780000; 0.01; 0.04; -0.82
45946878.230000; 0.01; 0.04; -0.80
45962192.047000; 0.01; 0.04; -0.79
45977542.672000; 0.01; 0.04; -0.78
45993762.401000; 0.01; 0.04; -0.76
46009882.396000; 0.01; 0.04; -0.75
46028635.827000; 0.01; 0.04; -0.74
46044726.140000; 0.01; 0.04; -0.72
46058619.945000; 0.01; 0.04; -0.71
46074497.732000; 0.01; 0.04; -0.70
46089780.679000; 0.01; 0.04; -0.68
46106601.183000; 0.01; 0.04; -0.67
46122342.430000; 0.01; 0.04; -0.66
46138984.838000; 0.01; 0.04; -0.64
46154577.672000; 0.01; 0.04; -0.63
46170492.264000; 0.01; 0.04; -0.62
46186448.412000; 0.01; 0.04; -0.60
46202437.805000; 0.01; 0.04; -0.59
46218157.680000; 0.01; 0.04; -0.58
46234466.457000; 0.01; 0.04; -0.57
46250732.490000; 0.01; 0.04; -0.55
46266223.216000; 0.01; 0.04; -0.54
46281864.729000; 0.01; 0.04; -0.53
46301360.224000; 0.01; 0.04; -0.51
46314339.806000; 0.01; 0.04; -0.50
46330109.548000; 0.00; 0.04; -0.49
46345719.004000; 0.00; 0.04; -0.47
46362664.174000; 0.00; 0.04; -0.46
46378961.078000; 0.00; 0.04; -0.45
46395030.020000; 0.00; 0.04; -0.43
46410793.825000; 0.00; 0.04; -0.42
46427300.881000; 0.00; 0.04; -0.41
46443794.877000; 0.00; 0.04; -0.39
46459588.365000; 0.00; 0.04; -0.38
46475538.576000; 0.00; 0.04; -0.37
46492107.372000; 0.00; 0.04; -0.35
46507601.659000; 0.00; 0.04; -0.34
46523601.738000; 0.00; 0.04; -0.33
46538919.117000; 0.00; 0.04; -0.31
46554465.646000; 0.00; 0.04; -0.30
46571529.547000; 0.00; 0.04; -0.29
46587783.708000; 0.00; 0.04; -0.27
46603218.630000; 0.00; 0.04; -0.26
46618606.061000; 0.00; 0.04; -0.26
46634614.450000; 0.00; 0.04; -0.26
46649877.214000; 0.00; 0.04; -0.26
46665451.051000; 0.00; 0.04; -0.26
46682632.494000; 0.00; 0.04; -0.26
46698276.382000; 0.00; 0.04; -0.26
46713964.200000; 0.00; 0.04; -0.26
46730712.278000; 0.00; 0.04; -0.26
46746193.506000; 0.00; 0.04; -0.26
46761971.558000; 0.00; 0.04; -0.26
46778027.440000; 0.00; 0.04; -0.26
46794196.115000; 0.00; 0.04; -0.26
46810200.942000; 0.00; 0.04; -0.26
46828813.084000; 0.00; 0.04; -0.26
46841720.242000; 0.00; 0.04; -0.26
46858327.031000; 0.00; 0.04; -0.26
46874874.455000; 0.00; 0.04; -0.26
46890403.175000; 0.00; 0.04; -0.26
46905794.167000; 0.00; 0.04; -0.26
46921788.309000; 0.00; 0.04; -0.26
46937552.114000; 0.00; 0.04; -0.26
46954536.465000; 0.00; 0.04; -0.26
46970585.223000; 0.00; 0.04; -0.26
46986351.403000; 0.00; 0.04; -0.26
47003032.992000; 0.00; 0.04; -0.26
47018552.213000; 0.00; 0.04; -0.26
47033776.983000; 0.00; 0.04; -0.26
47049745.004000; 0.00; 0.04; -0.26
47065657.222000; 0.00; 0.04; -0.26
47081673.923000; 0.00; 0.04; -0.26
47097570.706000; 0.00; 0.04; -0.26
47114215.489000; 0.00; 0.04; -0.26
47130240.500000; 0.00; 0.04; -0.26
47146272.636000; 0.00; 0.04; -0.26
47162221.660000; 0.00; 0.04; -0.26
47177992.589000; 0.00; 0.04; -0.26
47193897.683000; 0.00; 0.04; -0.26
47212978.809000; 0.00; 0.04; -0.26
47225538.087000; 0.00; 0.04; -0.26
47243956.699000; 0.00; 0.04; -0.26
47259923.533000; 0.00; 0.04; -0.26
47275448.690000; 0.00; 0.04; -0.26
47290951.289000; 0.00; 0.04; -0.26
47306725.780000; 0.00; 0.04; -0.26
47322675.991000; 0.00; 0.04; -0.26
47339073.816000; 0.00; 0.04; -0.26
47354672.586000; 0.00; 0.04; -0.26
47369743.007000; 0.00; 0.04; -0.26
47388090.381000; 0.00; 0.04; -0.26
47403710.522000; 0.00; 0.04; -0.26
47418600.473000; 0.00; 0.04; -0.26
47433377.631000; 0.00; 0.04; -0.26
47451847.297000; 0.00; 0.04; -0.26
47467276.283000; 0.00; 0.04; -0.26
47482191.167000; 0.00; 0.04; -0.26
47497284.147000; 0.00; 0.04; -0.26
47516254.854000; 0.00; 0.04; -0.26
47530823.046000; 0.00; 0.04; -0.26
47545752.178000; 0.00; 0.04; -0.26
47561442.371000; 0.00; 0.04; -0.26
47580204.113000; 0.00; 0.04; -0.26
47595418.197000; 0.00; 0.04; -0.26
47610507.615000; 0.00; 0.04; -0.26
47625816.684000; 0.00; 0.04; -0.26
47642133.772000; 0.00; 0.04; -0.26
47657734.917000; 0.00; 0.04; -0.26
47674126.804000; 0.00; 0.04; -0.26
47690608.927000; 0.00; 0.04; -0.26
47706858.339000; 0.00; 0.04; -0.26
47722875.039000; 0.00; 0.04; -0.26
47740248.825000; 0.00; 0.04; -0.26
47755423.729000; 0.00; 0.04; -0.26
47770793.350000; 0.00; 0.04; -0.26
47786086.984000; 0.00; 0.04; -0.26
47802248.535000; 0.00; 0.04; -0.26
47817945.851000; 0.00; 0.04; -0.26
47833492.380000; 0.00; 0.04; -0.26
47851658.097000; 0.00; 0.04; -0.26
47865925.902000; 0.00; 0.04; -0.26
47880907.275000; 0.00; 0.04; -0.26
47898462.718000; 0.00; 0.04; -0.26
47913751.603000; 0.00; 0.04; -0.26
47929416.862000; 0.00; 0.04; -0.26
47945629.467000; 0.00; 0.04; -0.26
47962117.527000; 0.00; 0.04; -0.26
47978209.027000; 0.00; 0.04; -0.26
47993569.150000; 0.00; 0.04; -0.26
48011673.127000; 0.00; 0.04; -0.26
48026586.824000; 0.00; 0.04; -0.26
48042463.422000; 0.00; 0.04; -0.26
48058481.310000; 0.00; 0.04; -0.26
48073643.153000; 0.00; 0.04; -0.26
48089902.063000; 0.00; 0.04; -0.26
48105890.269000; 0.00; 0.04; -0.26
48121359.623000; 0.00; 0.04; -0.26
48140364.762000; 0.00; 0.04; -0.26
48155657.208000; 0.00; 0.04; -0.26
48170593.464000; 0.00; 0.04; -0.26
48186128.120000; 0.00; 0.04; -0.26
48201921.608000; 0.00; 0.04; -0.26
48217516.816000; 0.00; 0.04; -0.26
48233787.599000; 0.00; 0.04; -0.26
48249867.227000; 0.00; 0.04; -0.26
48265581.165000; 0.00; 0.04; -0.26
48281127.694000; 0.00; 0.04; -0.26
48297310.617000; 0.00; 0.04; -0.26
48313930.466000; 0.00; 0.04; -0.26
48329011.573000; 0.00; 0.04; -0.26
48347043.125000; 0.00; 0.04; -0.26
48361873.711000; 0.00; 0.04; -0.26
48377442.798000; 0.00; 0.04; -0.26
48394919.880000; 0.00; 0.04; -0.26
48409439.393000; 0.00; 0.04; -0.26
48427019.770000; 0.00; 0.04; -0.26
48441418.178000; 0.00; 0.04; -0.26
48459082.853000; 0.00; 0.04; -0.26
48473875.445000; 0.00; 0.04; -0.26
48491717.029000; 0.00; 0.04; -0.26
48506466.878000; 0.00; 0.04; -0.26
48521583.604000; 0.00; 0.04; -0.26
48537634.736000; 0.00; 0.04; -0.26
48555197.303000; 0.00; 0.04; -0.26
48569351.127000; 0.00; 0.04; -0.26
48586942.190000; 0.00; 0.04; -0.26
48601626.738000; 0.00; 0.04; -0.26
48618104.111000; 0.00; 0.04; -0.26
48633465.421000; 0.00; 0.04; -0.26
48650832.084000; 0.00; 0.04; -0.26
48665242.365000; 0.00; 0.04; -0.26
48683471.009000; 0.00; 0.04; -0.26
48698019.017000; 0.00; 0.04; -0.26
48715686.067000; 0.00; 0.04; -0.26
48730255.446000; 0.00; 0.04; -0.26
48745235.632000; 0.00; 0.04; -0.26
48763484.460000; 0.00; 0.04; -0.26
48777618.100000; 0.00; 0.04; -0.26
48795933.416000; 0.00; 0.04; -0.26
48809023.418000; 0.00; 0.04; -0.26
48826513.560000; 0.00; 0.04; -0.26
48841237.289000; 0.00; 0.04; -0.26
48860240.053000; 0.00; 0.04; -0.26
48874360.633000; 0.00; 0.04; -0.26
48889446.489000; 0.00; 0.04; -0.26
48907203.773000; 0.00; 0.04; -0.26
48922367.991000; 0.00; 0.04; -0.26
48937550.019000; 0.00; 0.04; -0.26
48957474.129000; 0.00; 0.04; -0.26
48969370.892000; 0.00; 0.04; -0.26
48987637.530000; 0.00; 0.04; -0.26
49003863.195000; 0.00; 0.04; -0.26
49018580.988000; 0.00; 0.04; -0.26
49033416.323000; 0.00; 0.04; -0.26
49050780.611000; 0.00; 0.04; -0.26
49064987.863000; 0.00; 0.04; -0.26
49082567.053000; 0.00; 0.04; -0.26
49096955.963000; 0.00; 0.04; -0.26
49114887.781000; 0.00; 0.04; -0.26
49129455.973000; 0.00; 0.04; -0.26
49147842.528000; 0.00; 0.04; -0.26
49163494.727000; 0.00; 0.04; -0.26
49179417.630000; 0.00; 0.04; -0.26
49194249.404000; 0.00; 0.04; -0.26
49209543.037000; 0.00; 0.04; -0.26
49227563.903000; 0.00; 0.04; -0.26
49242557.149000; 0.00; 0.04; -0.26
49258432.561000; 0.00; 0.04; -0.26
49274070.512000; 0.00; 0.04; -0.26
49289600.419000; 0.00; 0.04; -0.26
49307457.437000; 0.00; 0.04; -0.26
49322366.385000; 0.00; 0.04; -0.26
49337630.336000; 0.00; 0.04; -0.26
49355785.367000; 0.00; 0.04; -0.26
49370393.927000; 0.00; 0.04; -0.26
49387425.771000; 0.00; 0.04; -0.26
49402371.525000; 0.00; 0.04; -0.26
49417686.530000; 0.00; 0.04; -0.26
49433243.745000; 0.00; 0.04; -0.26
49452994.509000; 0.00; 0.04; -0.26
49467798.975000; 0.00; 0.04; -0.26
49482463.338000; 0.00; 0.04; -0.26
49497952.877000; 0.00; 0.04; -0.26
49514519.298000; 0.00; 0.04; -0.26
49530055.141000; 0.00; 0.04; -0.26
49545465.131000; 0.00; 0.04; -0.26
49561636.180000; 0.00; 0.04; -0.26
49580337.370000; 0.00; 0.04; -0.26
49594966.115000; 0.00; 0.04; -0.26
49610241.939000; 0.00; 0.04; 0.14
49625999.807000; 0.00; 0.04; 0.79
49641590.267000; 0.00; 0.04; 1.43
49658406.021000; 0.00; 0.04; 2.13
49674639.998000; 0.00; 0.04; 2.79
49690070.171000; 0.00; 0.04; 3.42
49706566.542000; 0.00; 0.04; 4.11
49724200.347000; 0.00; 0.04; 4.79
49739590.152000; 0.00; 0.04; 5.47
49754620.205000; 0.00; 0.04; 6.09
49769702.499000; 0.00; 0.04; 6.72
49787846.844000; 0.00; 0.04; 7.46
49802944.573000; 0.00; 0.04; 8.09
49817700.359000; 0.00; 0.04; 8.70
49833126.970000; 0.00; 0.04; 9.33
49851120.528000; 0.00; 0.04; 10.07
49865916.682000; 0.00; 0.04; 10.68
49881482.208000; 0.00; 0.04; 11.33
49897566.585000; 0.00; 0.04; 11.99
49915670.562000; 0.00; 0.04; 12.74
49931141.103000; 0.00; 0.04; 13.37
49946680.509000; 0.00; 0.04; 14.02
49961598.955000; 0.00; 0.04; 14.63
49978153.503000; 0.00; 0.04; 15.32
49993973.111000; 0.00; 0.04; 15.97
50010342.440000; 0.00; 0.04; 16.64
50026052.817000; 0.00; 0.04; 17.29
50041995.905000; 0.00; 0.04; 17.95
50060395.520000; 0.00; 0.04; 18.70
50073572.194000; 0.00; 0.04; 19.25
50089638.762000; 0.00; 0.04; 19.91
50106023.526000; 0.00; 0.04; 20.59
50121358.715000; 0.00; 0.04; 21.22
50139506.622000; 0.00; 0.04; 21.97
50154260.033000; 0.00; 0.04; 22.58
50169964.473000; 0.00; 0.04; 23.23
50185763.898000; 0.00; 0.04; 23.88
50201455.277000; 0.00; 0.04; 24.53
50218481.184000; 0.00; 0.04; 25.23
50233948.164000; 0.00; 0.04; 25.87
50249316.598000; 0.00; 0.04; 26.50
50264907.057000; 0.00; 0.04; 27.14
50283005.097000; 0.00; 0.04; 27.89
50297669.461000; 0.00; 0.04; 28.50
50315513.419000; 0.00; 0.04; 29.23
50331303.345000; 0.00; 0.04; 29.87
50347868.578000; 0.00; 0.04; 30.54
50363133.717000; 0.00; 0.04; 31.20
50378313.370000; 0.00; 0.04; 31.82
50394662.515000; 0.00; 0.04; 32.50
50410230.415000; 0.00; 0.04; 33.14
50426382.468000; 0.00; 0.04; 33.80
50442422.914000; 0.00; 0.04; 34.46
50457900.580000; 0.00; 0.04; 35.10
50477265.471000; 0.00; 0.04; 35.90
50489586.101000; 0.00; 0.04; 36.41
50505963.741000; 0.00; 0.04; 37.08
50521551.826000; 0.00; 0.04; 37.73
50539674.800000; 0.00; 0.04; 38.48
50555156.027000; 0.00; 0.04; 39.12
50570490.029000; 0.00; 0.04; 39.74
50586013.999000; 0.00; 0.04; 40.39
50604315.068000; 0.00; 0.04; 41.15
50620355.515000; 0.00; 0.04; 41.15
50635254.964000; 0.00; 0.04; 41.15
50649645.061000; 0.00; 0.04; 41.15
50665134.600000; -0.00; 0.03; 41.15
50682859.827000; -0.00; 0.03; 41.15
50697717.721000; -0.00; 0.03; 41.15
50715606.797000; -0.00; 0.03; 41.15
50731336.170000; -0.00; 0.03; 41.15
50745896.051000; -0.00; 0.03; 41.15
50762181.082000; -0.01; 0.03; 41.15
50778207.281000; -0.01; 0.03; 41.15
50794069.632000; -0.01; 0.03; 41.15
50809871.431000; -0.01; 0.03; 41.15
50828109.573000; -0.01; 0.03; 41.15
50843653.727000; -0.01; 0.03; 41.15
50859771.348000; -0.01; 0.03; 41.15
50874865.515000; -0.01; 0.03; 41.15
50889570.247000; -0.01; 0.03; 41.15
50906499.983000; -0.01; 0.02; 41.15
50921918.283000; -0.01; 0.02; 41.15
50937621.536000; -0.01; 0.02; 41.15
50955630.529000; -0.02; 0.02; 41.15
50971533.248000; -0.02; 0.02; 41.15
50987405.098000; -0.02; 0.02; 41.15
51001865.246000; -0.02; 0.02; 41.15
51019736.511000; -0.02; 0.02; 41.15
51035772.209000; -0.02; 0.02; 41.15
51049826.299000; -0.02; 0.02; 41.15
51065578.231000; -0.02; 0.02; 41.15
51081239.929000; -0.02; 0.02; 41.15
51100239.131000; -0.02; 0.02; 41.15
51113413.431000; -0.02; 0.02; 41.15
51129412.322000; -0.02; 0.01; 41.15
51145741.283000; -0.02; 0.01; 41.15
51161120.402000; -0.03; 0.01; 41.15
51177443.427000; -0.03; 0.01; 41.15
51196053.194000; -0.03; 0.01; 41.15
51208975.786000; -0.03; 0.01; 41.15
51225599.198000; -0.03; 0.01; 41.15
51242226.171000; -0.03; 0.01; 41.15
51257075.754000; -0.03; 0.01; 41.15
51274874.594000; -0.03; 0.01; 41.15
51289613.758000; -0.03; 0.01; 41.15
51307333.049000; -0.03; 0.01; 41.15
51321796.759000; -0.03; 0.01; 41.15
51339669.212000; -0.03; 0.01; 41.15
51354077.119000; -0.03; 0.01; 41.15
51371702.613000; -0.04; 0.00; 41.15
51386391.910000; -0.04; 0.00; 41.15
51401316.293000; -0.04; 0.00; 41.15
51419090.200000; -0.04; 0.00; 41.15
51433661.954000; -0.04; 0.00; 41.15
51451346.814000; -0.04; 0.00; 41.15
51465728.600000; -0.04; 0.00; 41.15
51483497.757000; -0.04; -0.00; 41.15
51498561.055000; -0.04; -0.00; 41.15
51513693.215000; -0.04; -0.00; 41.15
51531215.414000; -0.04; -0.00; 41.15
51545648.254000; -0.04; -0.00; 41.15
51563809.222000; -0.05; -0.00; 41.15
51578424.906000; -0.05; -0.00; 41.15
51593313.670000; -0.05; -0.01; 41.15
51609941.831000; -0.05; -0.01; 41.15
51625290.080000; -0.05; -0.01; 41.15
51642939.321000; -0.05; -0.01; 41.15
51657839.957000; -0.05; -0.01; 41.15
51675268.360000; -0.05; -0.01; 41.15
51689278.520000; -0.05; -0.01; 41.15
51706571.570000; -0.05; -0.01; 41.15
51721646.740000; -0.05; -0.01; 41.15
51739140.444000; -0.05; -0.01; 41.15
51753243.214000; -0.05; -0.01; 41.15
51770763.038000; -0.06; -0.01; 41.15
51785948.628000; -0.06; -0.01; 41.15
51803188.249000; -0.06; -0.01; 41.15
51817777.813000; -0.06; -0.02; 41.15
51835009.123000; -0.06; -0.02; 41.15
51849814.775000; -0.06; -0.02; 41.15
51867228.930000; -0.06; -0.02; 41.15
51881330.513000; -0.06; -0.02; 41.15
51898668.680000; -0.06; -0.02; 41.15
51913471.958000; -0.06; -0.02; 41.15
51928994.741000; -0.06; -0.02; 41.15
51946678.413000; -0.06; -0.02; 41.15
51961949.488000; -0.07; -0.02; 41.15
51977046.030000; -0.07; -0.02; 41.15
51994798.565000; -0.07; -0.02; 41.15
52009199.348000; -0.07; -0.02; 41.15
52026885.395000; -0.07; -0.02; 41.15
52042021.117000; -0.07; -0.02; 41.15
52059830.643000; -0.07; -0.03; 41.15
52074253.985000; -0.07; -0.03; 41.15
52089234.171000; -0.07; -0.03; 41.15
52106904.783000; -0.07; -0.03; 41.15
52121070.480000; -0.07; -0.03; 41.15
52138475.136000; -0.07; -0.03; 41.15
52153620.357000; -0.07; -0.03; 41.15
52171205.483000; -0.08; -0.03; 41.15
52185724.996000; -0.08; -0.03; 41.15
52203548.769000; -0.08; -0.03; 41.15
52218032.663000; -0.08; -0.03; 41.15
52233194.507000; -0.08; -0.03; 41.15
52251042.026000; -0.08; -0.03; 41.15
52265191.101000; -0.08; -0.03; 41.15
52282931.764000; -0.08; -0.04; 41.15
52297590.191000; -0.08; -0.04; 41.15
52315815.273000; -0.08; -0.04; 41.15
52330685.040000; -0.08; -0.04; 41.15
52345940.680000; -0.08; -0.04; 41.15
52363884.371000; -0.09; -0.04; 41.15
52378421.693000; -0.09; -0.04; 41.15
52393413.752000; -0.09; -0.04; 41.15
52411496.358000; -0.09; -0.04; 41.15
52426450.423000; -0.09; -0.04; 41.15
52441621.765000; -0.09; -0.04; 41.15
52457214.598000; -0.09; -0.04; 41.15
52475149.978000; -0.09; -0.04; 41.15
52489557.885000; -0.09; -0.04; 41.15
52507139.449000; -0.09; -0.05; 41.15
52521572.289000; -0.09; -0.05; 41.15
52538936.577000; -0.09; -0.05; 41.15
52553187.760000; -0.09; -0.05; 41.15
52570947.419000; -0.10; -0.05; 41.15
52585455.059000; -0.10; -0.05; 41.15
52603243.214000; -0.10; -0.05; 41.15
52617641.622000; -0.10; -0.05; 41.15
52634959.605000; -0.10; -0.05; 41.15
52649214.350000; -0.10; -0.05; 41.15
52666595.260000; -0.10; -0.05; 41.15
52681793.909000; -0.10; -0.05; 41.15
52699354.102000; -0.10; -0.05; 41.15
52713699.082000; -0.10; -0.05; 41.15
52731553.725000; -0.10; -0.05; 41.15
52746137.353000; -0.10; -0.06; 41.15
52761146.034000; -0.10; -0.06; 41.15
52777162.734000; -0.11; -0.06; 41.15
52795146.794000; -0.11; -0.06; 41.15
52809552.326000; -0.11; -0.06; 41.15
52827456.836000; -0.11; -0.06; 41.15
52841765.009000; -0.11; -0.06; 41.15
52859414.249000; -0.11; -0.06; 41.15
52873744.981000; -0.11; -0.06; 41.15
52891433.403000; -0.11; -0.06; 41.15
52905916.109000; -0.11; -0.06; 41.15
52923514.296000; -0.11; -0.06; 41.15
52937959.009000; -0.11; -0.06; 41.15
52955504.954000; -0.11; -0.06; 41.15
52969943.730000; -0.12; -0.07; 41.15
52985199.370000; -0.12; -0.07; 41.15
53002732.255000; -0.12; -0.07; 41.15
53017144.911000; -0.12; -0.07; 41.15
53035111.161000; -0.12; -0.07; 41.15
53049697.162000; -0.12; -0.07; 41.15
53066822.803000; -0.12; -0.07; 41.15
53082080.817000; -0.12; -0.07; 41.15
53098312.419000; -0.12; -0.07; 41.15
53113786.523000; -0.12; -0.07; 41.15
53129692.804000; -0.12; -0.07; 41.15
53146254.476000; -0.12; -0.07; 41.15
53161668.027000; -0.12; -0.07; 41.15
53177488.823000; -0.13; -0.07; 41.15
53193935.327000; -0.13; -0.07; 41.15
53209287.138000; -0.13; -0.08; 41.15
53226597.998000; -0.13; -0.08; 41.15
53241108.012000; -0.13; -0.08; 41.15
53259048.141000; -0.13; -0.08; 41.15
53273518.975000; -0.13; -0.08; 41.15
53291132.596000; -0.13; -0.08; 41.15
53305289.982000; -0.13; -0.08; 41.15
53323095.946000; -0.13; -0.08; 41.15
53337190.405000; -0.13; -0.08; 41.15
53354777.906000; -0.13; -0.08; 41.15
53369239.241000; -0.14; -0.08; 41.15
53386754.316000; -0.14; -0.08; 41.15
53402097.817000; -0.14; -0.08; 41.15
53417205.044000; -0.14; -0.08; 41.15
53434460.100000; -0.14; -0.09; 41.15
53449000.985000; -0.14; -0.09; 41.15
53466792.701000; -0.14; -0.09; 41.15
53482397.408000; -0.14; -0.09; 41.15
53497978.369000; -0.14; -0.09; 41.15
53513344.428000; -0.14; -0.09; 41.15
53529519.039000; -0.14; -0.09; 41.15
53545698.400000; -0.14; -0.09; 41.15
53562450.040000; -0.14; -0.09; 41.15
53577862.404000; -0.15; -0.09; 41.15
53593627.397000; -0.15; -0.09; 41.15
53610937.069000; -0.15; -0.09; 40.82
53626489.534000; -0.14; -0.09; 40.18
53642711.638000; -0.14; -0.09; 39.53
53658645.227000; -0.14; -0.09; 38.87
53674655.991000; -0.14; -0.09; 38.22
53690696.437000; -0.14; -0.08; 37.56
53706706.014000; -0.13; -0.08; 36.91
53722558.867000; -0.13; -0.08; 36.26
53738865.269000; -0.13; -0.08; 35.60
53754511.531000; -0.13; -0.08; 34.96
53769635.381000; -0.13; -0.08; 34.34
53785771.999000; -0.12; -0.07; 33.68
53804847.188000; -0.12; -0.07; 32.91
53820456.644000; -0.12; -0.07; 32.27
53835357.281000; -0.12; -0.07; 31.65
53850589.175000; -0.11; -0.07; 31.04
53866101.272000; -0.11; -0.07; 30.41
53881752.284000; -0.11; -0.07; 29.76
53898503.924000; -0.11; -0.06; 29.11
53913640.834000; -0.10; -0.06; 28.46
53929317.966000; -0.10; -0.06; 27.82
53945560.254000; -0.10; -0.06; 27.15
53963837.577000; -0.10; -0.06; 26.41
53977726.633000; -0.10; -0.06; 25.84
53993985.543000; -0.09; -0.06; 25.18
54010052.110000; -0.09; -0.06; 24.52
54026274.213000; -0.09; -0.06; 23.86
54044633.460000; -0.09; -0.05; 23.11
54060596.732000; -0.08; -0.05; 22.45
54074118.912000; -0.08; -0.05; 21.91
54089538.399000; -0.08; -0.05; 21.27
54108726.383000; -0.08; -0.05; 20.49
54124486.626000; -0.07; -0.05; 19.86
54139964.291000; -0.07; -0.05; 19.22
54155542.877000; -0.07; -0.05; 18.58
54171481.216000; -0.07; -0.05; 17.94
54187740.126000; -0.06; -0.05; 17.26
54203494.433000; -0.06; -0.05; 16.62
54219331.851000; -0.06; -0.04; 15.98
54235873.338000; -0.06; -0.04; 15.30
54251345.067000; -0.05; -0.04; 14.67
54265497.704000; -0.05; -0.04; 14.09
54281610.576000; -0.05; -0.04; 13.43
54298266.045000; -0.05; -0.04; 12.76
54314118.898000; -0.04; -0.04; 12.10
54330452.608000; -0.04; -0.04; 11.44
54345967.079000; -0.04; -0.04; 10.80
54361551.602000; -0.04; -0.04; 10.16
54380188.677000; -0.03; -0.04; 9.40
54396213.689000; -0.03; -0.04; 8.75
54412016.675000; -0.03; -0.04; 8.10
54427725.864000; -0.02; -0.04; 7.46
54444135.562000; -0.02; -0.04; 6.79
54459507.557000; -0.02; -0.04; 6.18
54475857.889000; -0.02; -0.04; 5.50
54491112.342000; -0.01; -0.04; 4.88
54506945.011000; -0.01; -0.04; 4.23
54522617.394000; -0.01; -0.04; 3.59
54538610.348000; -0.01; -0.04; 2.94
54554850.261000; -0.00; -0.04; 2.27
54570456.155000; -0.00; -0.04; 1.63
54586304.259000; 0.00; -0.04; 1.00
54601873.347000; 0.00; -0.04; 0.35
54619570.079000; 0.00; -0.04; 0.25
54635573.719000; 0.00; -0.04; 0.25
54651115.499000; 0.00; -0.04; 0.25
54666602.663000; 0.00; -0.04; 0.25
54682450.766000; 0.00; -0.04; 0.25
54698206.261000; 0.00; -0.04; 0.25
54714447.361000; 0.00; -0.04; 0.25
54729843.103000; 0.00; -0.04; 0.25
54746009.403000; 0.00; -0.04; 0.25
54761980.986000; 0.00; -0.04; 0.25
54778194.779000; 0.00; -0.04; 0.25
54793890.908000; 0.00; -0.04; 0.25
54810368.281000; 0.00; -0.04; 0.25
54826196.201000; 0.00; -0.04; 0.25
54843122.374000; 0.00; -0.04; 0.25
54858715.208000; 0.00; -0.04; 0.25
54874581.121000; 0.00; -0.04; 0.25
54890455.345000; 0.00; -0.04; 0.25
54908083.214000; 0.00; -0.04; 0.25
54923735.413000; 0.00; -0.04; 0.25
54940450.247000; 0.00; -0.04; 0.25
54955461.303000; 0.00; -0.04; 0.25
54970379.749000; 0.00; -0.04; 0.25
54986226.665000; 0.00; -0.04; 0.25
55003595.702000; 0.00; -0.04; 0.25
55019525.730000; 0.00; -0.04; 0.25
55034243.522000; 0.00; -0.04; 0.25
55049475.416000; 0.00; -0.04; 0.25
55065464.809000; 0.00; -0.04; 0.25
55082848.093000; 0.00; -0.04; 0.25
55097888.832000; 0.00; -0.04; 0.25
55113664.510000; 0.00; -0.04; 0.25
55129120.804000; 0.00; -0.04; 0.25
55147443.245000; 0.00; -0.04; 0.25
55163012.332000; 0.00; -0.04; 0.25
55177864.290000; 0.00; -0.04; 0.25
55194284.673000; 0.00; -0.04; 0.25
55209532.002000; 0.00; -0.04; 0.25
55225475.089000; 0.00; -0.04; 0.25
55241602.209000; 0.00; -0.04; 0.25
55260639.405000; 0.00; -0.04; 0.25
55276438.829000; 0.00; -0.04; 0.25
55291858.317000; 0.00; -0.04; 0.25
55307476.084000; 0.00; -0.04; 0.25
55322875.387000; 0.00; -0.04; 0.25
55338642.754000; 0.00; -0.04; 0.25
55354468.299000; 0.00; -0.04; 0.25
55370138.308000; 0.00; -0.04; 0.25
55386648.926000; 0.00; -0.04; 0.25
55402614.572000; 0.00; -0.04; 0.25
55417719.425000; 0.00; -0.04; 0.25
55434225.294000; 0.00; -0.04; 0.25
55450817.835000; 0.00; -0.04; 0.25
55465749.342000; 0.00; -0.04; 0.25
55481711.427000; 0.00; -0.04; 0.25
55498136.559000; 0.00; -0.04; 0.25
55514231.621000; 0.00; -0.04; 0.25
55530876.404000; 0.00; -0.04; 0.25
55546208.032000; 0.00; -0.04; 0.25
55561793.742000; 0.00; -0.04; 0.25
55580903.363000; 0.00; -0.04; 0.25
55596213.619000; 0.00; -0.04; 0.25
55610513.481000; 0.00; -0.04; 0.25
55626523.058000; 0.00; -0.04; 0.25
55642112.329000; 0.00; -0.04; 0.25
55658456.725000; 0.00; -0.04; 0.25
55673638.753000; 0.00; -0.04; 0.25
55689653.078000; 0.00; -0.04; 0.25
55705598.541000; 0.00; -0.04; 0.25
55721592.682000; 0.00; -0.04; 0.25
55739252.608000; 0.00; -0.04; 0.25
55753234.274000; 0.00; -0.04; 0.25
55770868.079000; 0.00; -0.04; 0.25
55785907.630000; 0.00; -0.04; 0.25
55801241.632000; 0.00; -0.04; 0.25
55818984.669000; 0.00; -0.04; 0.25
55833483.998000; 0.00; -0.04; 0.25
55851203.289000; 0.00; -0.04; 0.25
55865582.701000; 0.00; -0.04; 0.25
55883653.433000; 0.00; -0.04; 0.25
55899216.584000; 0.00; -0.04; 0.25
55915614.409000; 0.00; -0.04; 0.25
55930823.744000; 0.00; -0.04; 0.25
55946796.514000; 0.00; -0.04; 0.25
55962137.640000; 0.00; -0.04; 0.25
55978487.972000; 0.00; -0.04; 0.25
55994873.923000; 0.00; -0.04; 0.25
56010657.913000; 0.00; -0.04; 0.25
56026412.220000; 0.00; -0.04; 0.25
56042387.364000; 0.00; -0.04; 0.25
56057690.497000; 0.00; -0.04; 0.25
56075882.334000; 0.00; -0.04; 0.25
56091287.574000; 0.00; -0.04; 0.25
56106588.331000; 0.00; -0.04; 0.25
56122055.311000; 0.00; -0.04; 0.25
56138062.513000; 0.00; -0.04; 0.25
56154608.750000; 0.00; -0.04; 0.25
56170015.177000; 0.00; -0.04; 0.25
56186905.732000; 0.00; -0.04; 0.25
56202578.115000; 0.00; -0.04; 0.25
56218474.898000; 0.00; -0.04; 0.25
56234473.789000; 0.00; -0.04; 0.25
56249603.575000; 0.00; -0.04; 0.25
56265822.117000; 0.00; -0.04; 0.25
56281285.534000; 0.00; -0.04; 0.25
56298518.032000; 0.00; -0.04; 0.25
56313809.291000; 0.00; -0.04; 0.25
56332499.795000; 0.00; -0.04; 0.25
56345511.435000; 0.00; -0.04; 0.25
56364712.478000; 0.00; -0.04; 0.25
56379968.118000; 0.00; -0.04; 0.25
56395683.244000; 0.00; -0.04; 0.25
56411599.024000; 0.00; -0.04; 0.25
56427369.953000; 0.00; -0.04; 0.25
56442436.812000; 0.00; -0.04; 0.25
56458407.208000; 0.00; -0.04; 0.25
56474636.435000; 0.00; -0.04; 0.25
56490618.704000; 0.00; -0.04; 0.25
56505493.220000; 0.00; -0.04; 0.25
56524008.003000; 0.00; -0.04; 0.25
56540532.869000; 0.00; -0.04; 0.25
56555491.683000; 0.00; -0.04; 0.25
56571306.543000; 0.00; -0.04; 0.25
56586623.922000; 0.00; -0.04; 0.25
56602456.591000; 0.00; -0.04; 0.25
56617630.307000; 0.00; -0.04; 0.25
56635071.770000; 0.00; -0.04; 0.25
56649972.407000; 0.00; -0.04; 0.25
56665530.809000; 0.00; -0.04; 0.25
56685470.354000; 0.00; -0.04; 0.25
56698436.876000; 0.00; -0.04; 0.25
56714243.424000; 0.00; -0.04; 0.25
56730668.556000; 0.00; -0.04; 0.25
56746336.190000; 0.00; -0.04; 0.25
56761987.202000; 0.00; -0.04; 0.25
56777784.251000; 0.00; -0.04; 0.25
56794002.793000; 0.00; -0.04; 0.25
56809852.084000; 0.00; -0.04; 0.25
56825707.311000; 0.00; -0.04; 0.25
56842392.463000; 0.00; -0.04; 0.25
56858448.344000; 0.00; -0.04; 0.25
56874792.740000; 0.00; -0.04; 0.25
56890165.923000; 0.00; -0.04; 0.25
56906284.731000; 0.00; -0.04; 0.25
56922638.625000; 0.00; -0.04; 0.25
56937674.614000; 0.00; -0.04; 0.25
56953859.912000; 0.00; -0.04; 0.25
56969354.199000; 0.00; -0.04; 0.25
56988817.637000; 0.00; -0.04; 0.25
57004455.588000; 0.00; -0.04; 0.25
57019758.720000; 0.00; -0.04; 0.25
57035578.329000; 0.00; -0.04; 0.25
57049862.756000; 0.00; -0.04; 0.25
57065757.164000; 0.00; -0.04; 0.25
57082272.531000; 0.00; -0.04; 0.25
57097437.936000; 0.00; -0.04; 0.25
57113750.275000; 0.00; -0.04; 0.25
57129163.826000; 0.00; -0.04; 0.25
57145607.955000; 0.00; -0.04; 0.25
57162072.268000; 0.00; -0.04; 0.25
57178055.724000; 0.00; -0.04; 0.25
57194235.085000; 0.00; -0.04; 0.25
57209862.351000; 0.00; -0.04; 0.25
57228609.845000; 0.00; -0.04; 0.25
57244022.209000; 0.00; -0.04; 0.25
57260250.249000; 0.00; -0.04; 0.25
57273574.149000; 0.00; -0.04; 0.25
57290066.958000; 0.00; -0.04; 0.25
57306715.303000; 0.00; -0.04; 0.25
57322466.047000; 0.00; -0.04; 0.25
57338470.875000; 0.00; -0.04; 0.25
57354580.185000; 0.00; -0.04; 0.25
57370694.244000; 0.00; -0.04; 0.25
57386707.383000; 0.00; -0.04; 0.25
57401642.451000; 0.00; -0.04; 0.25
57420718.828000; 0.00; -0.04; 0.25
57436319.973000; 0.00; -0.04; 0.25
57449817.219000; 0.00; -0.04; 0.25
57465539.469000; 0.00; -0.04; 0.25
57481635.718000; 0.00; -0.04; 0.25
57497039.771000; 0.00; -0.04; 0.25
57515074.885000; 0.00; -0.04; 0.25
57529990.956000; 0.00; -0.04; 0.25
57545393.822000; 0.00; -0.04; 0.25
57561391.525000; 0.00; -0.04; 0.25
57579979.921000; 0.00; -0.04; 0.25
57595748.476000; 0.00; -0.04; 0.25
57609885.678000; 0.00; -0.04; 0.25
57627596.658000; 0.00; -0.04; 0.25
57642352.444000; 0.00; -0.04; 0.25
57658188.674000; 0.00; -0.04; 0.25
57674378.721000; 0.00; -0.04; 0.25
57689301.916000; 0.00; -0.04; 0.25
57707188.617000; 0.00; -0.04; 0.25
57721978.835000; 0.00; -0.04; 0.25
57737418.506000; 0.00; -0.04; 0.25
57755621.029000; 0.00; -0.04; 0.25
57772451.032000; 0.00; -0.04; 0.25
57787849.148000; 0.00; -0.04; 0.25
57803603.455000; 0.00; -0.04; 0.25
57819253.279000; 0.00; -0.04; 0.25
57834624.087000; 0.00; -0.04; 0.25
57849476.044000; 0.00; -0.04; 0.25
57866333.355000; 0.00; -0.04; 0.25
57881990.303000; 0.00; -0.04; 0.25
57897203.200000; 0.00; -0.04; 0.25
57916133.539000; 0.00; -0.04; 0.25
57931877.160000; 0.00; -0.04; 0.25
57946768.298000; 0.00; -0.04; 0.25
57961503.900000; 0.00; -0.04; 0.25
57978104.753000; 0.00; -0.04; 0.25
57995499.911000; 0.00; -0.04; 0.25
58009667.982000; 0.00; -0.04; 0.25
58027159.311000; 0.00; -0.04; 0.25
58041473.421000; 0.00; -0.04; 0.25
58058880.452000; 0.00; -0.04; 0.25
58073632.676000; 0.00; -0.04; 0.25
58089572.202000; 0.00; -0.04; 0.25
58108065.614000; 0.00; -0.04; 0.25
58122456.898000; 0.00; -0.04; 0.25
58137902.506000; 0.00; -0.04; 0.25
58153525.023000; 0.00; -0.04; 0.25
58170090.257000; 0.00; -0.04; 0.25
58185647.471000; 0.00; -0.04; 0.25
58203530.610000; 0.00; -0.04; 0.25
58218275.710000; 0.00; -0.04; 0.25
58234236.608000; 0.00; -0.04; 0.25
58249250.038000; 0.00; -0.04; 0.25
58267504.802000; 0.00; -0.04; 0.25
58283553.560000; 0.00; -0.04; 0.25
58298242.857000; 0.00; -0.04; 0.25
58313611.291000; 0.00; -0.04; 0.25
58329072.334000; 0.00; -0.04; 0.25
58345810.914000; 0.00; -0.04; 0.25
58361813.367000; 0.00; -0.04; 0.25
58377548.677000; 0.00; -0.04; 0.25
58394311.002000; 0.00; -0.04; 0.25
58409602.262000; 0.00; -0.04; 0.25
58426238.734000; 0.00; -0.04; 0.25
58441762.704000; 0.00; -0.04; 0.25
58458887.157000; 0.00; -0.04; 0.25
58474506.111000; 0.00; -0.04; 0.25
58489676.265000; 0.00; -0.04; 0.25
58505323.715000; 0.00; -0.04; 0.25
58524587.686000; 0.00; -0.04; 0.25
58540118.780000; 0.00; -0.04; 0.25
58555539.455000; 0.00; -0.04; 0.25
58570403.285000; 0.00; -0.04; 0.25
58585457.084000; 0.00; -0.04; 0.25
58603970.680000; 0.00; -0.04; 0.25
58618357.215000; 0.00; -0.04; 0.25
58633356.398000; 0.00; -0.04; 0.25
